,Year,Country of origin,Country of origin (ISO),Country of asylum,Country of asylum (ISO),Refugees under UNHCRâ€™s mandate,Asylum-seekers,IDPs of concern to UNHCR,Venezuelans displaced abroad,Stateless persons,Others of concern,Type
46322,2019,Afghanistan,AFG,Afghanistan,AFG,0.0,0.0,2553390.0,,0.0,447093.0,Origin
46334,2019,Syrian Arab Rep.,SYR,Albania,ALB,13.0,0.0,0.0,,0.0,29.0,Origin
46360,2019,Syrian Arab Rep.,SYR,Algeria,DZA,7757.0,0.0,0.0,,0.0,0.0,Origin
46380,2019,Somalia,SOM,Angola,AGO,270.0,1731.0,0.0,,0.0,16.0,Origin
46386,2019,Afghanistan,AFG,Egypt,EGY,28.0,36.0,0.0,,0.0,0.0,Origin
46411,2019,Somalia,SOM,Egypt,EGY,3973.0,2729.0,0.0,,0.0,0.0,Origin
46413,2019,South Sudan,SSD,Egypt,EGY,14832.0,4183.0,0.0,,0.0,0.0,Origin
46414,2019,Syrian Arab Rep.,SYR,Egypt,EGY,129210.0,0.0,0.0,,0.0,0.0,Origin
46426,2019,Afghanistan,AFG,Argentina,ARG,12.0,0.0,0.0,,0.0,0.0,Origin
46486,2019,Somalia,SOM,Argentina,ARG,5.0,0.0,0.0,,0.0,0.0,Origin
46489,2019,Syrian Arab Rep.,SYR,Argentina,ARG,401.0,73.0,0.0,,0.0,443.0,Origin
46496,2019,Afghanistan,AFG,Armenia,ARM,5.0,0.0,0.0,,0.0,0.0,Origin
46508,2019,Syrian Arab Rep.,SYR,Armenia,ARM,14730.0,16.0,0.0,,0.0,0.0,Origin
46513,2019,Afghanistan,AFG,Australia,AUS,12714.0,1710.0,0.0,,0.0,0.0,Origin
46588,2019,Myanmar,MMR,Australia,AUS,1723.0,223.0,0.0,,0.0,0.0,Origin
46611,2019,Somalia,SOM,Australia,AUS,539.0,101.0,0.0,,0.0,0.0,Origin
46615,2019,South Sudan,SSD,Australia,AUS,17.0,40.0,0.0,,0.0,0.0,Origin
46618,2019,Syrian Arab Rep.,SYR,Australia,AUS,2239.0,81.0,0.0,,0.0,0.0,Origin
46639,2019,Afghanistan,AFG,Austria,AUT,37276.0,10326.0,0.0,,0.0,0.0,Origin
46692,2019,Myanmar,MMR,Austria,AUT,34.0,5.0,0.0,,0.0,0.0,Origin
46706,2019,Somalia,SOM,Austria,AUT,7636.0,911.0,0.0,,0.0,0.0,Origin
46709,2019,South Sudan,SSD,Austria,AUT,6.0,0.0,0.0,,0.0,0.0,Origin
46710,2019,Syrian Arab Rep.,SYR,Austria,AUT,51955.0,1304.0,0.0,,0.0,0.0,Origin
46726,2019,Afghanistan,AFG,Azerbaijan,AZE,627.0,94.0,0.0,,0.0,0.0,Origin
46736,2019,Syrian Arab Rep.,SYR,Azerbaijan,AZE,20.0,0.0,0.0,,0.0,0.0,Origin
46754,2019,Somalia,SOM,Burundi,BDI,23.0,0.0,0.0,,0.0,0.0,Origin
46760,2019,Afghanistan,AFG,Belgium,BEL,5070.0,1035.0,0.0,,0.0,0.0,Origin
46830,2019,Myanmar,MMR,Belgium,BEL,8.0,0.0,0.0,,0.0,0.0,Origin
46847,2019,Somalia,SOM,Belgium,BEL,2097.0,310.0,0.0,,0.0,0.0,Origin
46850,2019,South Sudan,SSD,Belgium,BEL,5.0,5.0,0.0,,0.0,0.0,Origin
46851,2019,Syrian Arab Rep.,SYR,Belgium,BEL,16604.0,1019.0,0.0,,0.0,0.0,Origin
46883,2019,Syrian Arab Rep.,SYR,Benin,BEN,12.0,13.0,0.0,,0.0,0.0,Origin
46887,2019,Myanmar,MMR,Bangladesh,BGD,854764.0,0.0,0.0,,0.0,0.0,Origin
46888,2019,Somalia,SOM,Bangladesh,BGD,10.0,14.0,0.0,,0.0,0.0,Origin
46905,2019,South Sudan,SSD,Burkina Faso,BFA,0.0,5.0,0.0,,0.0,0.0,Origin
46906,2019,Syrian Arab Rep.,SYR,Burkina Faso,BFA,5.0,0.0,0.0,,0.0,0.0,Origin
46909,2019,Afghanistan,AFG,Belarus,BLR,213.0,15.0,0.0,,0.0,0.0,Origin
46921,2019,Syrian Arab Rep.,SYR,Belarus,BLR,68.0,0.0,0.0,,0.0,0.0,Origin
46937,2019,Syrian Arab Rep.,SYR,Bolivia (Plurinational State of),BOL,21.0,0.0,0.0,,0.0,0.0,Origin
46949,2019,Somalia,SOM,Botswana,BWA,299.0,36.0,0.0,,0.0,0.0,Origin
46953,2019,Afghanistan,AFG,Brazil,BRA,132.0,185.0,0.0,,0.0,0.0,Origin
47038,2019,Myanmar,MMR,Brazil,BRA,0.0,5.0,0.0,,0.0,0.0,Origin
47063,2019,Somalia,SOM,Brazil,BRA,48.0,570.0,0.0,,0.0,0.0,Origin
47071,2019,Syrian Arab Rep.,SYR,Brazil,BRA,3761.0,4242.0,0.0,,0.0,0.0,Origin
47092,2019,Afghanistan,AFG,Bosnia and Herzegovina,BIH,0.0,134.0,0.0,,0.0,902.0,Origin
47112,2019,Somalia,SOM,Bosnia and Herzegovina,BIH,0.0,5.0,0.0,,0.0,5.0,Origin
47114,2019,Syrian Arab Rep.,SYR,Bosnia and Herzegovina,BIH,21.0,46.0,0.0,,0.0,148.0,Origin
47120,2019,Afghanistan,AFG,Bulgaria,BGR,243.0,300.0,0.0,,0.0,0.0,Origin
47144,2019,Somalia,SOM,Bulgaria,BGR,50.0,5.0,0.0,,0.0,0.0,Origin
47146,2019,Syrian Arab Rep.,SYR,Bulgaria,BGR,17551.0,297.0,0.0,,0.0,0.0,Origin
47161,2019,Afghanistan,AFG,Canada,CAN,2447.0,620.0,0.0,,0.0,0.0,Origin
47271,2019,Myanmar,MMR,Canada,CAN,0.0,14.0,0.0,,0.0,0.0,Origin
47299,2019,Somalia,SOM,Canada,CAN,2253.0,621.0,0.0,,0.0,0.0,Origin
47305,2019,South Sudan,SSD,Canada,CAN,6.0,23.0,0.0,,0.0,0.0,Origin
47310,2019,Syrian Arab Rep.,SYR,Canada,CAN,5.0,303.0,0.0,,0.0,0.0,Origin
47345,2019,South Sudan,SSD,Central African Rep.,CAF,2235.0,0.0,0.0,,0.0,0.0,Origin
47364,2019,Somalia,SOM,Chad,TCD,7.0,0.0,0.0,,0.0,0.0,Origin
47366,2019,South Sudan,SSD,Chad,TCD,9.0,0.0,0.0,,0.0,0.0,Origin
47367,2019,Syrian Arab Rep.,SYR,Chad,TCD,35.0,10.0,0.0,,0.0,0.0,Origin
47369,2019,Afghanistan,AFG,China,CHN,21.0,21.0,0.0,,0.0,0.0,Origin
47387,2019,Somalia,SOM,China,CHN,106.0,17.0,0.0,,0.0,0.0,Origin
47389,2019,Syrian Arab Rep.,SYR,China,CHN,50.0,13.0,0.0,,0.0,0.0,Origin
47395,2019,Afghanistan,AFG,Chile,CHL,13.0,13.0,0.0,,0.0,0.0,Origin
47422,2019,Syrian Arab Rep.,SYR,Chile,CHL,112.0,33.0,0.0,,0.0,0.0,Origin
47453,2019,South Sudan,SSD,Cameroon,CMR,13.0,5.0,0.0,,0.0,0.0,Origin
47454,2019,Syrian Arab Rep.,SYR,Cameroon,CMR,24.0,5.0,0.0,,0.0,0.0,Origin
47474,2019,Syrian Arab Rep.,SYR,Congo,COG,0.0,13.0,0.0,,0.0,0.0,Origin
47492,2019,Somalia,SOM,Dem. Rep. of the Congo,COD,16.0,51.0,0.0,,0.0,0.0,Origin
47494,2019,South Sudan,SSD,Dem. Rep. of the Congo,COD,88717.0,10.0,0.0,,0.0,0.0,Origin
47495,2019,Syrian Arab Rep.,SYR,Dem. Rep. of the Congo,COD,5.0,26.0,0.0,,0.0,0.0,Origin
47497,2019,Afghanistan,AFG,Colombia,COL,9.0,0.0,0.0,,0.0,0.0,Origin
47516,2019,Somalia,SOM,Colombia,COL,11.0,0.0,0.0,,0.0,0.0,Origin
47517,2019,Syrian Arab Rep.,SYR,Colombia,COL,8.0,10.0,0.0,,0.0,0.0,Origin
47565,2019,Somalia,SOM,Costa Rica,CRI,7.0,5.0,0.0,,0.0,0.0,Origin
47567,2019,Syrian Arab Rep.,SYR,Costa Rica,CRI,5.0,24.0,0.0,,0.0,0.0,Origin
47575,2019,Afghanistan,AFG,Cuba,CUB,36.0,0.0,0.0,,0.0,0.0,Origin
47582,2019,Syrian Arab Rep.,SYR,Cuba,CUB,40.0,0.0,0.0,,0.0,0.0,Origin
47586,2019,Afghanistan,AFG,Cyprus,CYP,14.0,5.0,0.0,,0.0,0.0,Origin
47632,2019,Somalia,SOM,Cyprus,CYP,221.0,369.0,0.0,,0.0,0.0,Origin
47635,2019,Syrian Arab Rep.,SYR,Cyprus,CYP,7372.0,4073.0,0.0,,0.0,4000.0,Origin
47646,2019,Afghanistan,AFG,Czechia,CZE,45.0,14.0,0.0,,0.0,0.0,Origin
47674,2019,Myanmar,MMR,Czechia,CZE,145.0,0.0,0.0,,0.0,0.0,Origin
47681,2019,Somalia,SOM,Czechia,CZE,14.0,0.0,0.0,,0.0,0.0,Origin
47684,2019,Syrian Arab Rep.,SYR,Czechia,CZE,408.0,18.0,0.0,,0.0,0.0,Origin
47696,2019,Afghanistan,AFG,Denmark,DNK,2620.0,79.0,0.0,,0.0,0.0,Origin
47733,2019,Myanmar,MMR,Denmark,DNK,28.0,11.0,0.0,,0.0,0.0,Origin
47741,2019,Somalia,SOM,Denmark,DNK,1308.0,150.0,0.0,,0.0,0.0,Origin
47743,2019,Syrian Arab Rep.,SYR,Denmark,DNK,20046.0,210.0,0.0,,0.0,0.0,Origin
47764,2019,Somalia,SOM,Djibouti,DJI,13277.0,119.0,0.0,,0.0,0.0,Origin
47766,2019,Syrian Arab Rep.,SYR,Djibouti,DJI,10.0,0.0,0.0,,0.0,0.0,Origin
47768,2019,Afghanistan,AFG,Dominican Rep.,DOM,0.0,10.0,0.0,,0.0,0.0,Origin
47777,2019,Afghanistan,AFG,Ecuador,ECU,150.0,5.0,0.0,,0.0,0.0,Origin
47823,2019,Somalia,SOM,Ecuador,ECU,8.0,0.0,0.0,,0.0,0.0,Origin
47827,2019,Syrian Arab Rep.,SYR,Ecuador,ECU,146.0,38.0,0.0,,0.0,0.0,Origin
47839,2019,Somalia,SOM,Eritrea,ERI,78.0,0.0,0.0,,0.0,0.0,Origin
47841,2019,South Sudan,SSD,Eritrea,ERI,7.0,0.0,0.0,,0.0,0.0,Origin
47842,2019,Afghanistan,AFG,Estonia,EST,9.0,0.0,0.0,,0.0,0.0,Origin
47855,2019,Syrian Arab Rep.,SYR,Estonia,EST,127.0,0.0,0.0,,0.0,0.0,Origin
47874,2019,Somalia,SOM,Ethiopia,ETH,192181.0,55.0,0.0,,0.0,0.0,Origin
47876,2019,South Sudan,SSD,Ethiopia,ETH,334014.0,168.0,0.0,,0.0,0.0,Origin
47877,2019,Syrian Arab Rep.,SYR,Ethiopia,ETH,0.0,410.0,0.0,,0.0,0.0,Origin
47880,2019,Afghanistan,AFG,Fiji,FJI,5.0,5.0,0.0,,0.0,0.0,Origin
47883,2019,Afghanistan,AFG,Finland,FIN,3238.0,1220.0,0.0,,0.0,0.0,Origin
47932,2019,Myanmar,MMR,Finland,FIN,32.0,5.0,0.0,,0.0,0.0,Origin
47945,2019,Somalia,SOM,Finland,FIN,2977.0,728.0,0.0,,0.0,0.0,Origin
47948,2019,South Sudan,SSD,Finland,FIN,8.0,0.0,0.0,,0.0,0.0,Origin
47949,2019,Syrian Arab Rep.,SYR,Finland,FIN,2585.0,77.0,0.0,,0.0,0.0,Origin
47964,2019,Afghanistan,AFG,France,FRA,24293.0,11055.0,0.0,,0.0,0.0,Origin
48052,2019,Myanmar,MMR,France,FRA,329.0,5.0,0.0,,0.0,0.0,Origin
48071,2019,Somalia,SOM,France,FRA,4535.0,3895.0,0.0,,0.0,0.0,Origin
48076,2019,South Sudan,SSD,France,FRA,83.0,14.0,0.0,,0.0,0.0,Origin
48078,2019,Syrian Arab Rep.,SYR,France,FRA,18244.0,3244.0,0.0,,0.0,0.0,Origin
48104,2019,South Sudan,SSD,Gabon,GAB,5.0,0.0,0.0,,0.0,0.0,Origin
48116,2019,Afghanistan,AFG,United Kingdom of Great Britain and Northern Ireland,GBR,9513.0,2890.0,0.0,,0.0,0.0,Origin
48212,2019,Myanmar,MMR,United Kingdom of Great Britain and Northern Ireland,GBR,613.0,54.0,0.0,,0.0,0.0,Origin
48235,2019,Somalia,SOM,United Kingdom of Great Britain and Northern Ireland,GBR,3271.0,508.0,0.0,,0.0,0.0,Origin
48239,2019,South Sudan,SSD,United Kingdom of Great Britain and Northern Ireland,GBR,55.0,29.0,0.0,,0.0,0.0,Origin
48241,2019,Syrian Arab Rep.,SYR,United Kingdom of Great Britain and Northern Ireland,GBR,10389.0,1228.0,0.0,,0.0,0.0,Origin
48263,2019,Afghanistan,AFG,Georgia,GEO,11.0,18.0,0.0,,0.0,0.0,Origin
48284,2019,Somalia,SOM,Georgia,GEO,0.0,33.0,0.0,,0.0,0.0,Origin
48286,2019,Syrian Arab Rep.,SYR,Georgia,GEO,91.0,26.0,0.0,,0.0,341.0,Origin
48295,2019,Afghanistan,AFG,Germany,DEU,140366.0,47343.0,0.0,,0.0,0.0,Origin
48391,2019,Myanmar,MMR,Germany,DEU,851.0,294.0,0.0,,0.0,0.0,Origin
48418,2019,Somalia,SOM,Germany,DEU,26015.0,8438.0,0.0,,0.0,0.0,Origin
48422,2019,South Sudan,SSD,Germany,DEU,86.0,92.0,0.0,,0.0,0.0,Origin
48427,2019,Syrian Arab Rep.,SYR,Germany,DEU,572818.0,41280.0,0.0,,0.0,0.0,Origin
48469,2019,Somalia,SOM,Ghana,GHA,63.0,21.0,0.0,,0.0,0.0,Origin
48471,2019,South Sudan,SSD,Ghana,GHA,6.0,5.0,0.0,,0.0,0.0,Origin
48472,2019,Syrian Arab Rep.,SYR,Ghana,GHA,167.0,113.0,0.0,,0.0,0.0,Origin
48485,2019,Afghanistan,AFG,Greece,GRC,17685.0,27608.0,0.0,,0.0,0.0,Origin
48540,2019,Myanmar,MMR,Greece,GRC,74.0,24.0,0.0,,0.0,0.0,Origin
48554,2019,Somalia,SOM,Greece,GRC,1499.0,2289.0,0.0,,0.0,0.0,Origin
48557,2019,South Sudan,SSD,Greece,GRC,21.0,30.0,0.0,,0.0,0.0,Origin
48558,2019,Syrian Arab Rep.,SYR,Greece,GRC,26696.0,16165.0,0.0,,0.0,0.0,Origin
48599,2019,Somalia,SOM,Guinea,GIN,6.0,0.0,0.0,,0.0,0.0,Origin
48600,2019,Syrian Arab Rep.,SYR,Guinea,GIN,14.0,0.0,0.0,,0.0,0.0,Origin
48606,2019,Afghanistan,AFG,"China, Hong Kong SAR",HKG,5.0,0.0,0.0,,0.0,0.0,Origin
48617,2019,Somalia,SOM,"China, Hong Kong SAR",HKG,22.0,0.0,0.0,,0.0,0.0,Origin
48625,2019,Afghanistan,AFG,Croatia,HRV,53.0,108.0,0.0,,0.0,13.0,Origin
48650,2019,Somalia,SOM,Croatia,HRV,28.0,0.0,0.0,,0.0,0.0,Origin
48653,2019,Syrian Arab Rep.,SYR,Croatia,HRV,527.0,10.0,0.0,,0.0,18.0,Origin
48660,2019,Afghanistan,AFG,Hungary,HUN,1487.0,92.0,0.0,,0.0,0.0,Origin
48686,2019,Myanmar,MMR,Hungary,HUN,5.0,0.0,0.0,,0.0,0.0,Origin
48693,2019,Somalia,SOM,Hungary,HUN,615.0,0.0,0.0,,0.0,0.0,Origin
48695,2019,Syrian Arab Rep.,SYR,Hungary,HUN,934.0,5.0,0.0,,0.0,0.0,Origin
48705,2019,Afghanistan,AFG,Iceland,ISL,86.0,21.0,0.0,,0.0,0.0,Origin
48731,2019,Somalia,SOM,Iceland,ISL,38.0,33.0,0.0,,0.0,0.0,Origin
48733,2019,South Sudan,SSD,Iceland,ISL,5.0,0.0,0.0,,0.0,0.0,Origin
48734,2019,Syrian Arab Rep.,SYR,Iceland,ISL,109.0,21.0,0.0,,0.0,0.0,Origin
48763,2019,Somalia,SOM,Cote d'Ivoire,CIV,5.0,0.0,0.0,,0.0,0.0,Origin
48766,2019,Syrian Arab Rep.,SYR,Cote d'Ivoire,CIV,132.0,11.0,0.0,,0.0,0.0,Origin
48770,2019,Afghanistan,AFG,India,IND,7470.0,8219.0,0.0,,0.0,0.0,Origin
48789,2019,Myanmar,MMR,India,IND,2574.0,676.0,0.0,,0.0,0.0,Origin
48795,2019,Somalia,SOM,India,IND,533.0,319.0,0.0,,0.0,0.0,Origin
48797,2019,South Sudan,SSD,India,IND,0.0,95.0,0.0,,0.0,0.0,Origin
48798,2019,Syrian Arab Rep.,SYR,India,IND,70.0,29.0,0.0,,0.0,0.0,Origin
48809,2019,Afghanistan,AFG,Indonesia,IDN,5866.0,1826.0,0.0,,0.0,0.0,Origin
48826,2019,Myanmar,MMR,Indonesia,IDN,595.0,33.0,0.0,,0.0,0.0,Origin
48829,2019,Somalia,SOM,Indonesia,IDN,1120.0,302.0,0.0,,0.0,0.0,Origin
48832,2019,Syrian Arab Rep.,SYR,Indonesia,IDN,23.0,19.0,0.0,,0.0,0.0,Origin
48837,2019,Afghanistan,AFG,Ireland,IRL,366.0,129.0,0.0,,0.0,0.0,Origin
48899,2019,Myanmar,MMR,Ireland,IRL,13.0,5.0,0.0,,0.0,0.0,Origin
48913,2019,Somalia,SOM,Ireland,IRL,231.0,136.0,0.0,,0.0,0.0,Origin
48917,2019,Syrian Arab Rep.,SYR,Ireland,IRL,2882.0,54.0,0.0,,0.0,0.0,Origin
48933,2019,Afghanistan,AFG,Iran (Islamic Rep. of),IRN,951142.0,0.0,0.0,,0.0,0.0,Origin
48936,2019,Myanmar,MMR,Iran (Islamic Rep. of),IRN,0.0,33.0,0.0,,0.0,0.0,Origin
48939,2019,Afghanistan,AFG,Iraq,IRQ,11.0,56.0,0.0,,0.0,0.0,Origin
48953,2019,Somalia,SOM,Iraq,IRQ,6.0,5.0,0.0,,0.0,0.0,Origin
48955,2019,South Sudan,SSD,Iraq,IRQ,0.0,15.0,0.0,,0.0,0.0,Origin
48956,2019,Syrian Arab Rep.,SYR,Iraq,IRQ,245810.0,0.0,0.0,,0.0,0.0,Origin
48999,2019,Myanmar,MMR,Israel,ISR,0.0,23.0,0.0,,0.0,0.0,Origin
49008,2019,Somalia,SOM,Israel,ISR,0.0,11.0,0.0,,0.0,0.0,Origin
49011,2019,South Sudan,SSD,Israel,ISR,109.0,124.0,0.0,,0.0,0.0,Origin
49024,2019,Afghanistan,AFG,Italy,ITA,17849.0,840.0,0.0,,0.0,0.0,Origin
49104,2019,Myanmar,MMR,Italy,ITA,49.0,5.0,0.0,,0.0,0.0,Origin
49122,2019,Somalia,SOM,Italy,ITA,14029.0,444.0,0.0,,0.0,0.0,Origin
49125,2019,South Sudan,SSD,Italy,ITA,140.0,13.0,0.0,,0.0,0.0,Origin
49128,2019,Syrian Arab Rep.,SYR,Italy,ITA,4781.0,917.0,0.0,,0.0,0.0,Origin
49150,2019,Afghanistan,AFG,Jordan,JOR,8.0,10.0,0.0,,0.0,0.0,Origin
49182,2019,Somalia,SOM,Jordan,JOR,660.0,84.0,0.0,,0.0,0.0,Origin
49184,2019,South Sudan,SSD,Jordan,JOR,11.0,10.0,0.0,,0.0,0.0,Origin
49185,2019,Syrian Arab Rep.,SYR,Jordan,JOR,654692.0,0.0,0.0,,0.0,0.0,Origin
49194,2019,Afghanistan,AFG,Japan,JPN,68.0,0.0,0.0,,0.0,0.0,Origin
49204,2019,Myanmar,MMR,Japan,JPN,668.0,0.0,0.0,,0.0,0.0,Origin
49207,2019,Somalia,SOM,Japan,JPN,5.0,0.0,0.0,,0.0,0.0,Origin
49209,2019,Syrian Arab Rep.,SYR,Japan,JPN,69.0,0.0,0.0,,0.0,0.0,Origin
49213,2019,Afghanistan,AFG,Kazakhstan,KAZ,491.0,181.0,0.0,,0.0,0.0,Origin
49215,2019,Syrian Arab Rep.,SYR,Kazakhstan,KAZ,14.0,19.0,0.0,,0.0,0.0,Origin
49218,2019,Afghanistan,AFG,Kenya,KEN,10.0,10.0,0.0,,0.0,0.0,Origin
49235,2019,Somalia,SOM,Kenya,KEN,257766.0,6499.0,0.0,,0.0,0.0,Origin
49237,2019,South Sudan,SSD,Kenya,KEN,121410.0,143.0,0.0,,0.0,0.0,Origin
49238,2019,Syrian Arab Rep.,SYR,Kenya,KEN,5.0,5.0,0.0,,0.0,0.0,Origin
49245,2019,Afghanistan,AFG,Kyrgyzstan,KGZ,227.0,104.0,0.0,,0.0,0.0,Origin
49248,2019,Syrian Arab Rep.,SYR,Kyrgyzstan,KGZ,86.0,5.0,0.0,,0.0,0.0,Origin
49254,2019,Afghanistan,AFG,Rep. of Korea,KOR,41.0,49.0,0.0,,0.0,0.0,Origin
49298,2019,Myanmar,MMR,Rep. of Korea,KOR,363.0,72.0,0.0,,0.0,0.0,Origin
49310,2019,Somalia,SOM,Rep. of Korea,KOR,6.0,0.0,0.0,,0.0,0.0,Origin
49313,2019,South Sudan,SSD,Rep. of Korea,KOR,0.0,5.0,0.0,,0.0,0.0,Origin
49315,2019,Syrian Arab Rep.,SYR,Rep. of Korea,KOR,1199.0,60.0,0.0,,0.0,0.0,Origin
49330,2019,Afghanistan,AFG,Kuwait,KWT,0.0,17.0,0.0,,0.0,0.0,Origin
49343,2019,Somalia,SOM,Kuwait,KWT,218.0,442.0,0.0,,0.0,0.0,Origin
49345,2019,South Sudan,SSD,Kuwait,KWT,0.0,5.0,0.0,,0.0,0.0,Origin
49346,2019,Syrian Arab Rep.,SYR,Kuwait,KWT,106.0,100.0,0.0,,0.0,0.0,Origin
49355,2019,Somalia,SOM,Liberia,LBR,5.0,0.0,0.0,,0.0,0.0,Origin
49357,2019,Syrian Arab Rep.,SYR,Liberia,LBR,11.0,0.0,0.0,,0.0,0.0,Origin
49359,2019,Afghanistan,AFG,Libya,LBY,0.0,11.0,0.0,,0.0,0.0,Origin
49370,2019,Somalia,SOM,Libya,LBY,91.0,2331.0,0.0,,0.0,0.0,Origin
49372,2019,South Sudan,SSD,Libya,LBY,5.0,224.0,0.0,,0.0,0.0,Origin
49373,2019,Syrian Arab Rep.,SYR,Libya,LBY,612.0,16738.0,0.0,,0.0,0.0,Origin
49375,2019,Afghanistan,AFG,Lebanon,LBN,18.0,5.0,0.0,,0.0,0.0,Origin
49407,2019,Somalia,SOM,Lebanon,LBN,14.0,10.0,0.0,,0.0,0.0,Origin
49409,2019,South Sudan,SSD,Lebanon,LBN,32.0,0.0,0.0,,0.0,0.0,Origin
49410,2019,Syrian Arab Rep.,SYR,Lebanon,LBN,910586.0,0.0,0.0,,0.0,1932.0,Origin
49422,2019,Afghanistan,AFG,Liechtenstein,LIE,5.0,0.0,0.0,,0.0,0.0,Origin
49430,2019,Somalia,SOM,Liechtenstein,LIE,25.0,5.0,0.0,,0.0,0.0,Origin
49431,2019,Syrian Arab Rep.,SYR,Liechtenstein,LIE,32.0,0.0,0.0,,0.0,0.0,Origin
49433,2019,Afghanistan,AFG,Sri Lanka,LKA,160.0,45.0,0.0,,0.0,0.0,Origin
49438,2019,Myanmar,MMR,Sri Lanka,LKA,34.0,0.0,0.0,,0.0,0.0,Origin
49442,2019,Syrian Arab Rep.,SYR,Sri Lanka,LKA,5.0,0.0,0.0,,0.0,0.0,Origin
49444,2019,Afghanistan,AFG,Lithuania,LTU,236.0,5.0,0.0,,0.0,0.0,Origin
49461,2019,Somalia,SOM,Lithuania,LTU,22.0,0.0,0.0,,0.0,0.0,Origin
49462,2019,Syrian Arab Rep.,SYR,Lithuania,LTU,453.0,5.0,0.0,,0.0,0.0,Origin
49468,2019,Afghanistan,AFG,Luxembourg,LUX,97.0,170.0,0.0,,0.0,0.0,Origin
49514,2019,Somalia,SOM,Luxembourg,LUX,41.0,35.0,0.0,,0.0,0.0,Origin
49516,2019,South Sudan,SSD,Luxembourg,LUX,0.0,5.0,0.0,,0.0,0.0,Origin
49517,2019,Syrian Arab Rep.,SYR,Luxembourg,LUX,951.0,200.0,0.0,,0.0,0.0,Origin
49529,2019,Afghanistan,AFG,Latvia,LVA,66.0,0.0,0.0,,0.0,0.0,Origin
49543,2019,Somalia,SOM,Latvia,LVA,5.0,0.0,0.0,,0.0,0.0,Origin
49544,2019,Syrian Arab Rep.,SYR,Latvia,LVA,354.0,0.0,0.0,,0.0,0.0,Origin
49549,2019,Afghanistan,AFG,Madagascar,MDG,10.0,10.0,0.0,,0.0,0.0,Origin
49555,2019,Syrian Arab Rep.,SYR,Madagascar,MDG,5.0,0.0,0.0,,0.0,0.0,Origin
49582,2019,Somalia,SOM,Mauritania,MRT,0.0,5.0,0.0,,0.0,0.0,Origin
49584,2019,Syrian Arab Rep.,SYR,Mauritania,MRT,355.0,36.0,0.0,,0.0,0.0,Origin
49590,2019,Afghanistan,AFG,North Macedonia,MKD,5.0,15.0,0.0,,0.0,0.0,Origin
49599,2019,Syrian Arab Rep.,SYR,North Macedonia,MKD,17.0,14.0,0.0,,0.0,0.0,Origin
49602,2019,Afghanistan,AFG,Rep. of Moldova,MDA,24.0,0.0,0.0,,0.0,0.0,Origin
49613,2019,Syrian Arab Rep.,SYR,Rep. of Moldova,MDA,210.0,5.0,0.0,,0.0,0.0,Origin
49677,2019,Somalia,SOM,Mexico,MEX,0.0,5.0,0.0,,0.0,0.0,Origin
49680,2019,Syrian Arab Rep.,SYR,Mexico,MEX,29.0,10.0,0.0,,0.0,0.0,Origin
49706,2019,Syrian Arab Rep.,SYR,Mali,MLI,20.0,413.0,0.0,,0.0,0.0,Origin
49709,2019,Afghanistan,AFG,Malaysia,MYS,1352.0,1126.0,0.0,,0.0,0.0,Origin
49738,2019,Myanmar,MMR,Malaysia,MYS,119230.0,34546.0,0.0,,0.0,0.0,Origin
49745,2019,Somalia,SOM,Malaysia,MYS,1540.0,1754.0,0.0,,0.0,0.0,Origin
49748,2019,South Sudan,SSD,Malaysia,MYS,13.0,43.0,0.0,,0.0,0.0,Origin
49749,2019,Syrian Arab Rep.,SYR,Malaysia,MYS,425.0,2861.0,0.0,,0.0,0.0,Origin
49763,2019,Somalia,SOM,Malawi,MWI,50.0,52.0,0.0,,0.0,0.0,Origin
49764,2019,South Sudan,SSD,Malawi,MWI,5.0,0.0,0.0,,0.0,0.0,Origin
49772,2019,Afghanistan,AFG,Morocco,MAR,5.0,5.0,0.0,,0.0,0.0,Origin
49803,2019,Somalia,SOM,Morocco,MAR,8.0,10.0,0.0,,0.0,0.0,Origin
49805,2019,South Sudan,SSD,Morocco,MAR,292.0,0.0,0.0,,0.0,0.0,Origin
49806,2019,Syrian Arab Rep.,SYR,Morocco,MAR,3676.0,0.0,0.0,,0.0,0.0,Origin
49822,2019,Somalia,SOM,Mozambique,MOZ,148.0,3239.0,0.0,,0.0,0.0,Origin
49825,2019,Afghanistan,AFG,Malta,MLT,0.0,5.0,0.0,,0.0,0.0,Origin
49868,2019,Somalia,SOM,Malta,MLT,1780.0,145.0,0.0,,0.0,0.0,Origin
49870,2019,South Sudan,SSD,Malta,MLT,22.0,62.0,0.0,,0.0,0.0,Origin
49871,2019,Syrian Arab Rep.,SYR,Malta,MLT,1706.0,482.0,0.0,,0.0,0.0,Origin
49882,2019,Afghanistan,AFG,Montenegro,MNE,0.0,50.0,0.0,,0.0,0.0,Origin
49898,2019,Syrian Arab Rep.,SYR,Montenegro,MNE,0.0,14.0,0.0,,0.0,0.0,Origin
49907,2019,Myanmar,MMR,Myanmar,MMR,0.0,0.0,312018.0,,0.0,0.0,Origin
49916,2019,Somalia,SOM,Namibia,NAM,5.0,5.0,0.0,,0.0,0.0,Origin
49918,2019,South Sudan,SSD,Namibia,NAM,0.0,5.0,0.0,,0.0,0.0,Origin
49921,2019,Afghanistan,AFG,Nepal,NPL,51.0,0.0,0.0,,0.0,0.0,Origin
49927,2019,Myanmar,MMR,Nepal,NPL,351.0,11.0,0.0,,0.0,0.0,Origin
49930,2019,Somalia,SOM,Nepal,NPL,26.0,0.0,0.0,,0.0,0.0,Origin
49933,2019,Afghanistan,AFG,Netherlands,NLD,5815.0,543.0,0.0,,0.0,0.0,Origin
49996,2019,Myanmar,MMR,Netherlands,NLD,495.0,42.0,0.0,,0.0,0.0,Origin
50012,2019,Somalia,SOM,Netherlands,NLD,13007.0,196.0,0.0,,0.0,0.0,Origin
50016,2019,South Sudan,SSD,Netherlands,NLD,0.0,5.0,0.0,,0.0,0.0,Origin
50017,2019,Syrian Arab Rep.,SYR,Netherlands,NLD,31694.0,3092.0,0.0,,0.0,0.0,Origin
50053,2019,Somalia,SOM,Niger,NER,163.0,65.0,0.0,,0.0,0.0,Origin
50055,2019,South Sudan,SSD,Niger,NER,0.0,5.0,0.0,,0.0,0.0,Origin
50056,2019,Syrian Arab Rep.,SYR,Niger,NER,7.0,0.0,0.0,,0.0,0.0,Origin
50064,2019,Afghanistan,AFG,Nigeria,NGA,5.0,0.0,0.0,,0.0,0.0,Origin
50086,2019,Syrian Arab Rep.,SYR,Nigeria,NGA,263.0,132.0,0.0,,0.0,0.0,Origin
50089,2019,Afghanistan,AFG,Norway,NOR,5108.0,81.0,0.0,,0.0,0.0,Origin
50137,2019,Myanmar,MMR,Norway,NOR,109.0,0.0,0.0,,0.0,0.0,Origin
50150,2019,Somalia,SOM,Norway,NOR,6518.0,40.0,0.0,,0.0,0.0,Origin
50153,2019,South Sudan,SSD,Norway,NOR,17.0,0.0,0.0,,0.0,0.0,Origin
50154,2019,Syrian Arab Rep.,SYR,Norway,NOR,14359.0,252.0,0.0,,0.0,0.0,Origin
50167,2019,Afghanistan,AFG,Nauru,NRU,25.0,5.0,0.0,,0.0,0.0,Origin
50177,2019,Myanmar,MMR,Nauru,NRU,66.0,13.0,0.0,,0.0,0.0,Origin
50180,2019,Somalia,SOM,Nauru,NRU,78.0,10.0,0.0,,0.0,0.0,Origin
50182,2019,Syrian Arab Rep.,SYR,Nauru,NRU,0.0,5.0,0.0,,0.0,0.0,Origin
50184,2019,Afghanistan,AFG,New Zealand,NZL,214.0,31.0,0.0,,0.0,0.0,Origin
50216,2019,Myanmar,MMR,New Zealand,NZL,238.0,0.0,0.0,,0.0,0.0,Origin
50225,2019,Somalia,SOM,New Zealand,NZL,35.0,0.0,0.0,,0.0,0.0,Origin
50228,2019,Syrian Arab Rep.,SYR,New Zealand,NZL,172.0,5.0,0.0,,0.0,0.0,Origin
50237,2019,Syrian Arab Rep.,SYR,Oman,OMN,8.0,0.0,0.0,,0.0,0.0,Origin
50238,2019,Afghanistan,AFG,Pakistan,PAK,1419084.0,8406.0,0.0,,0.0,0.0,Origin
50245,2019,Myanmar,MMR,Pakistan,PAK,23.0,31.0,0.0,,0.0,0.0,Origin
50248,2019,Somalia,SOM,Pakistan,PAK,181.0,21.0,0.0,,0.0,0.0,Origin
50249,2019,Syrian Arab Rep.,SYR,Pakistan,PAK,43.0,0.0,0.0,,0.0,0.0,Origin
50253,2019,Afghanistan,AFG,Panama,PAN,5.0,5.0,0.0,,0.0,0.0,Origin
50287,2019,Somalia,SOM,Panama,PAN,0.0,103.0,0.0,,0.0,0.0,Origin
50289,2019,Syrian Arab Rep.,SYR,Panama,PAN,0.0,12.0,0.0,,0.0,0.0,Origin
50304,2019,Syrian Arab Rep.,SYR,Paraguay,PRY,88.0,11.0,0.0,,0.0,0.0,Origin
50346,2019,Syrian Arab Rep.,SYR,Peru,PER,42.0,12.0,0.0,,0.0,0.0,Origin
50355,2019,Afghanistan,AFG,Philippines,PHL,14.0,5.0,0.0,,0.0,0.0,Origin
50373,2019,Myanmar,MMR,Philippines,PHL,7.0,0.0,0.0,,0.0,0.0,Origin
50379,2019,Somalia,SOM,Philippines,PHL,31.0,14.0,0.0,,0.0,0.0,Origin
50382,2019,Syrian Arab Rep.,SYR,Philippines,PHL,115.0,41.0,0.0,,0.0,0.0,Origin
50388,2019,Afghanistan,AFG,Papua New Guinea,PNG,43.0,5.0,0.0,,0.0,0.0,Origin
50395,2019,Myanmar,MMR,Papua New Guinea,PNG,5.0,0.0,0.0,,0.0,0.0,Origin
50397,2019,Somalia,SOM,Papua New Guinea,PNG,19.0,0.0,0.0,,0.0,0.0,Origin
50400,2019,Afghanistan,AFG,Poland,POL,121.0,16.0,0.0,,0.0,0.0,Origin
50441,2019,Somalia,SOM,Poland,POL,50.0,0.0,0.0,,0.0,0.0,Origin
50444,2019,Syrian Arab Rep.,SYR,Poland,POL,542.0,23.0,0.0,,0.0,0.0,Origin
50455,2019,Afghanistan,AFG,Portugal,PRT,20.0,5.0,0.0,,0.0,0.0,Origin
50497,2019,Somalia,SOM,Portugal,PRT,33.0,5.0,0.0,,0.0,0.0,Origin
50500,2019,South Sudan,SSD,Portugal,PRT,30.0,0.0,0.0,,0.0,0.0,Origin
50501,2019,Syrian Arab Rep.,SYR,Portugal,PRT,768.0,5.0,0.0,,0.0,0.0,Origin
50512,2019,Somalia,SOM,Qatar,QAT,9.0,0.0,0.0,,0.0,0.0,Origin
50514,2019,Syrian Arab Rep.,SYR,Qatar,QAT,34.0,0.0,0.0,,0.0,0.0,Origin
50517,2019,Afghanistan,AFG,Romania,ROU,148.0,67.0,0.0,,0.0,0.0,Origin
50544,2019,Myanmar,MMR,Romania,ROU,26.0,0.0,0.0,,0.0,0.0,Origin
50550,2019,Somalia,SOM,Romania,ROU,99.0,27.0,0.0,,0.0,0.0,Origin
50552,2019,Syrian Arab Rep.,SYR,Romania,ROU,2090.0,146.0,0.0,,0.0,0.0,Origin
50573,2019,Somalia,SOM,South Africa,ZAF,27113.0,0.0,0.0,,0.0,0.0,Origin
50575,2019,Syrian Arab Rep.,SYR,South Africa,ZAF,45.0,0.0,0.0,,0.0,0.0,Origin
50581,2019,Afghanistan,AFG,Russian Federation,RUS,795.0,268.0,0.0,,0.0,0.0,Origin
50606,2019,Syrian Arab Rep.,SYR,Russian Federation,RUS,593.0,110.0,0.0,,0.0,0.0,Origin
50623,2019,Somalia,SOM,Rwanda,RWA,18.0,24.0,0.0,,0.0,5.0,Origin
50625,2019,South Sudan,SSD,Rwanda,RWA,5.0,5.0,0.0,,0.0,0.0,Origin
50633,2019,Syrian Arab Rep.,SYR,El Salvador,SLV,5.0,0.0,0.0,,0.0,0.0,Origin
50640,2019,Somalia,SOM,Saudi Arabia,SAU,16.0,0.0,0.0,,0.0,0.0,Origin
50642,2019,Syrian Arab Rep.,SYR,Saudi Arabia,SAU,152.0,2220.0,0.0,,0.0,0.0,Origin
50646,2019,Afghanistan,AFG,Serbia and Kosovo: S/RES/1244 (1999),SRB,19.0,10.0,0.0,,0.0,2662.0,Origin
50665,2019,Somalia,SOM,Serbia and Kosovo: S/RES/1244 (1999),SRB,5.0,20.0,0.0,,0.0,0.0,Origin
50667,2019,Syrian Arab Rep.,SYR,Serbia and Kosovo: S/RES/1244 (1999),SRB,25.0,24.0,0.0,,0.0,678.0,Origin
50673,2019,Afghanistan,AFG,Senegal,SEN,0.0,5.0,0.0,,0.0,0.0,Origin
50697,2019,Syrian Arab Rep.,SYR,Senegal,SEN,0.0,14.0,0.0,,0.0,0.0,Origin
50714,2019,Somalia,SOM,Somalia,SOM,0.0,0.0,2648000.0,,0.0,134.0,Origin
50716,2019,Syrian Arab Rep.,SYR,Somalia,SOM,245.0,21.0,0.0,,0.0,0.0,Origin
50719,2019,Afghanistan,AFG,Spain,ESP,395.0,270.0,0.0,,0.0,0.0,Origin
50786,2019,Myanmar,MMR,Spain,ESP,8.0,0.0,0.0,,0.0,0.0,Origin
50806,2019,Somalia,SOM,Spain,ESP,747.0,140.0,0.0,,0.0,0.0,Origin
50809,2019,South Sudan,SSD,Spain,ESP,5.0,5.0,0.0,,0.0,0.0,Origin
50810,2019,Syrian Arab Rep.,SYR,Spain,ESP,14133.0,2805.0,0.0,,0.0,0.0,Origin
50830,2019,Afghanistan,AFG,Sudan,SDN,0.0,0.0,0.0,,0.0,5.0,Origin
50839,2019,Somalia,SOM,Sudan,SDN,438.0,171.0,0.0,,0.0,0.0,Origin
50841,2019,South Sudan,SSD,Sudan,SDN,810917.0,0.0,0.0,,0.0,0.0,Origin
50842,2019,Syrian Arab Rep.,SYR,Sudan,SDN,93495.0,0.0,0.0,,0.0,0.0,Origin
50856,2019,Somalia,SOM,South Sudan,SSD,0.0,31.0,0.0,,0.0,0.0,Origin
50858,2019,South Sudan,SSD,South Sudan,SSD,0.0,0.0,1665815.0,,0.0,10000.0,Origin
50859,2019,Afghanistan,AFG,Slovakia,SVK,276.0,0.0,0.0,,0.0,0.0,Origin
50879,2019,Somalia,SOM,Slovakia,SVK,32.0,0.0,0.0,,0.0,0.0,Origin
50881,2019,Syrian Arab Rep.,SYR,Slovakia,SVK,14.0,5.0,0.0,,0.0,0.0,Origin
50887,2019,Afghanistan,AFG,Slovenia,SVN,51.0,23.0,0.0,,0.0,0.0,Origin
50904,2019,Somalia,SOM,Slovenia,SVN,50.0,0.0,0.0,,0.0,0.0,Origin
50906,2019,Syrian Arab Rep.,SYR,Slovenia,SVN,307.0,15.0,0.0,,0.0,0.0,Origin
50923,2019,Somalia,SOM,Eswatini,SWZ,99.0,256.0,0.0,,0.0,0.0,Origin
50927,2019,Afghanistan,AFG,Sweden,SWE,30546.0,3015.0,0.0,,0.0,0.0,Origin
51003,2019,Myanmar,MMR,Sweden,SWE,10.0,10.0,0.0,,0.0,0.0,Origin
51021,2019,Somalia,SOM,Sweden,SWE,17593.0,1084.0,0.0,,0.0,0.0,Origin
51024,2019,South Sudan,SSD,Sweden,SWE,63.0,0.0,0.0,,0.0,0.0,Origin
51027,2019,Syrian Arab Rep.,SYR,Sweden,SWE,113418.0,2226.0,0.0,,0.0,0.0,Origin
51046,2019,Afghanistan,AFG,Switzerland,CHE,13455.0,1152.0,0.0,,0.0,0.0,Origin
51118,2019,Myanmar,MMR,Switzerland,CHE,34.0,0.0,0.0,,0.0,0.0,Origin
51137,2019,Somalia,SOM,Switzerland,CHE,4762.0,250.0,0.0,,0.0,0.0,Origin
51141,2019,South Sudan,SSD,Switzerland,CHE,13.0,10.0,0.0,,0.0,0.0,Origin
51142,2019,Syrian Arab Rep.,SYR,Switzerland,CHE,18755.0,918.0,0.0,,0.0,0.0,Origin
51158,2019,Afghanistan,AFG,Syrian Arab Rep.,SYR,1110.0,30.0,0.0,,0.0,0.0,Origin
51177,2019,Somalia,SOM,Syrian Arab Rep.,SYR,346.0,31.0,0.0,,0.0,0.0,Origin
51179,2019,South Sudan,SSD,Syrian Arab Rep.,SYR,80.0,0.0,0.0,,0.0,0.0,Origin
51180,2019,Syrian Arab Rep.,SYR,Syrian Arab Rep.,SYR,0.0,0.0,6146994.0,,0.0,0.0,Origin
51193,2019,Somalia,SOM,United Rep. of Tanzania,TZA,159.0,5.0,0.0,,0.0,0.0,Origin
51194,2019,South Sudan,SSD,United Rep. of Tanzania,TZA,10.0,10.0,0.0,,0.0,0.0,Origin
51195,2019,Syrian Arab Rep.,SYR,United Rep. of Tanzania,TZA,5.0,16.0,0.0,,0.0,12.0,Origin
51201,2019,Afghanistan,AFG,Thailand,THA,134.0,18.0,0.0,,0.0,0.0,Origin
51218,2019,Myanmar,MMR,Thailand,THA,93335.0,13.0,0.0,,0.0,119.0,Origin
51221,2019,Somalia,SOM,Thailand,THA,200.0,24.0,0.0,,0.0,0.0,Origin
51224,2019,Syrian Arab Rep.,SYR,Thailand,THA,217.0,10.0,0.0,,0.0,0.0,Origin
51230,2019,Afghanistan,AFG,Tajikistan,TJK,3783.0,1413.0,0.0,,0.0,0.0,Origin
51233,2019,Afghanistan,AFG,Turkmenistan,TKM,14.0,0.0,0.0,,0.0,0.0,Origin
51253,2019,Syrian Arab Rep.,SYR,Togo,TGO,6.0,11.0,0.0,,0.0,0.0,Origin
51274,2019,Syrian Arab Rep.,SYR,Trinidad and Tobago,TTO,58.0,38.0,0.0,,0.0,0.0,Origin
51304,2019,Somalia,SOM,Tunisia,TUN,19.0,170.0,0.0,,0.0,0.0,Origin
51306,2019,South Sudan,SSD,Tunisia,TUN,0.0,26.0,0.0,,0.0,0.0,Origin
51307,2019,Syrian Arab Rep.,SYR,Tunisia,TUN,1382.0,0.0,0.0,,0.0,0.0,Origin
51310,2019,Afghanistan,AFG,Turkey,TUR,1192.0,116403.0,0.0,,0.0,0.0,Origin
51313,2019,Syrian Arab Rep.,SYR,Turkey,TUR,3576370.0,0.0,0.0,,0.0,0.0,Origin
51315,2019,Afghanistan,AFG,United Arab Emirates,ARE,5.0,25.0,0.0,,0.0,0.0,Origin
51333,2019,Somalia,SOM,United Arab Emirates,ARE,18.0,0.0,0.0,,0.0,0.0,Origin
51335,2019,Syrian Arab Rep.,SYR,United Arab Emirates,ARE,333.0,6575.0,0.0,,0.0,11.0,Origin
51353,2019,Somalia,SOM,Uganda,UGA,33073.0,4887.0,0.0,,0.0,0.0,Origin
51355,2019,South Sudan,SSD,Uganda,UGA,861452.0,138.0,0.0,,0.0,0.0,Origin
51356,2019,Syrian Arab Rep.,SYR,Uganda,UGA,6.0,10.0,0.0,,0.0,0.0,Origin
51361,2019,Afghanistan,AFG,Ukraine,UKR,820.0,641.0,0.0,,0.0,0.0,Origin
51391,2019,Myanmar,MMR,Ukraine,UKR,0.0,5.0,0.0,,0.0,0.0,Origin
51399,2019,Somalia,SOM,Ukraine,UKR,85.0,106.0,0.0,,0.0,0.0,Origin
51402,2019,Syrian Arab Rep.,SYR,Ukraine,UKR,462.0,161.0,0.0,,0.0,0.0,Origin
51410,2019,Afghanistan,AFG,Uruguay,URY,0.0,5.0,0.0,,0.0,0.0,Origin
51444,2019,Somalia,SOM,Uruguay,URY,5.0,0.0,0.0,,0.0,0.0,Origin
51445,2019,Syrian Arab Rep.,SYR,Uruguay,URY,61.0,5.0,0.0,,0.0,0.0,Origin
51450,2019,Afghanistan,AFG,United States of America,USA,1629.0,727.0,0.0,,0.0,0.0,Origin
51567,2019,Myanmar,MMR,United States of America,USA,1429.0,1294.0,0.0,,0.0,0.0,Origin
51595,2019,Somalia,SOM,United States of America,USA,1971.0,345.0,0.0,,0.0,0.0,Origin
51601,2019,South Sudan,SSD,United States of America,USA,45.0,36.0,0.0,,0.0,0.0,Origin
51607,2019,Syrian Arab Rep.,SYR,United States of America,USA,8449.0,2660.0,0.0,,0.0,0.0,Origin
51633,2019,Afghanistan,AFG,Uzbekistan,UZB,13.0,0.0,0.0,,0.0,0.0,Origin
51636,2019,Afghanistan,AFG,Venezuela (Bolivarian Republic of),VEN,10.0,0.0,0.0,,0.0,0.0,Origin
51650,2019,Syrian Arab Rep.,SYR,Venezuela (Bolivarian Republic of),VEN,5.0,0.0,0.0,,0.0,0.0,Origin
51667,2019,Somalia,SOM,Yemen,YEM,252899.0,155.0,0.0,,0.0,0.0,Origin
51670,2019,Syrian Arab Rep.,SYR,Yemen,YEM,3551.0,407.0,0.0,,0.0,0.0,Origin
51686,2019,Somalia,SOM,Zambia,ZMB,3379.0,245.0,0.0,,0.0,0.0,Origin
51688,2019,Syrian Arab Rep.,SYR,Zambia,ZMB,15.0,5.0,0.0,,0.0,0.0,Origin
51705,2019,Somalia,SOM,Zimbabwe,ZWE,14.0,19.0,0.0,,0.0,0.0,Origin
51707,2019,South Sudan,SSD,Zimbabwe,ZWE,8.0,24.0,0.0,,0.0,0.0,Origin
46322,2019,Afghanistan,AFG,Afghanistan,AFG,0.0,0.0,2553390.0,,0.0,447093.0,Destination
46334,2019,Syrian Arab Rep.,SYR,Albania,ALB,13.0,0.0,0.0,,0.0,29.0,Destination
46360,2019,Syrian Arab Rep.,SYR,Algeria,DZA,7757.0,0.0,0.0,,0.0,0.0,Destination
46380,2019,Somalia,SOM,Angola,AGO,270.0,1731.0,0.0,,0.0,16.0,Destination
46386,2019,Afghanistan,AFG,Egypt,EGY,28.0,36.0,0.0,,0.0,0.0,Destination
46411,2019,Somalia,SOM,Egypt,EGY,3973.0,2729.0,0.0,,0.0,0.0,Destination
46413,2019,South Sudan,SSD,Egypt,EGY,14832.0,4183.0,0.0,,0.0,0.0,Destination
46414,2019,Syrian Arab Rep.,SYR,Egypt,EGY,129210.0,0.0,0.0,,0.0,0.0,Destination
46426,2019,Afghanistan,AFG,Argentina,ARG,12.0,0.0,0.0,,0.0,0.0,Destination
46486,2019,Somalia,SOM,Argentina,ARG,5.0,0.0,0.0,,0.0,0.0,Destination
46489,2019,Syrian Arab Rep.,SYR,Argentina,ARG,401.0,73.0,0.0,,0.0,443.0,Destination
46496,2019,Afghanistan,AFG,Armenia,ARM,5.0,0.0,0.0,,0.0,0.0,Destination
46508,2019,Syrian Arab Rep.,SYR,Armenia,ARM,14730.0,16.0,0.0,,0.0,0.0,Destination
46513,2019,Afghanistan,AFG,Australia,AUS,12714.0,1710.0,0.0,,0.0,0.0,Destination
46588,2019,Myanmar,MMR,Australia,AUS,1723.0,223.0,0.0,,0.0,0.0,Destination
46611,2019,Somalia,SOM,Australia,AUS,539.0,101.0,0.0,,0.0,0.0,Destination
46615,2019,South Sudan,SSD,Australia,AUS,17.0,40.0,0.0,,0.0,0.0,Destination
46618,2019,Syrian Arab Rep.,SYR,Australia,AUS,2239.0,81.0,0.0,,0.0,0.0,Destination
46639,2019,Afghanistan,AFG,Austria,AUT,37276.0,10326.0,0.0,,0.0,0.0,Destination
46692,2019,Myanmar,MMR,Austria,AUT,34.0,5.0,0.0,,0.0,0.0,Destination
46706,2019,Somalia,SOM,Austria,AUT,7636.0,911.0,0.0,,0.0,0.0,Destination
46709,2019,South Sudan,SSD,Austria,AUT,6.0,0.0,0.0,,0.0,0.0,Destination
46710,2019,Syrian Arab Rep.,SYR,Austria,AUT,51955.0,1304.0,0.0,,0.0,0.0,Destination
46726,2019,Afghanistan,AFG,Azerbaijan,AZE,627.0,94.0,0.0,,0.0,0.0,Destination
46736,2019,Syrian Arab Rep.,SYR,Azerbaijan,AZE,20.0,0.0,0.0,,0.0,0.0,Destination
46754,2019,Somalia,SOM,Burundi,BDI,23.0,0.0,0.0,,0.0,0.0,Destination
46760,2019,Afghanistan,AFG,Belgium,BEL,5070.0,1035.0,0.0,,0.0,0.0,Destination
46830,2019,Myanmar,MMR,Belgium,BEL,8.0,0.0,0.0,,0.0,0.0,Destination
46847,2019,Somalia,SOM,Belgium,BEL,2097.0,310.0,0.0,,0.0,0.0,Destination
46850,2019,South Sudan,SSD,Belgium,BEL,5.0,5.0,0.0,,0.0,0.0,Destination
46851,2019,Syrian Arab Rep.,SYR,Belgium,BEL,16604.0,1019.0,0.0,,0.0,0.0,Destination
46883,2019,Syrian Arab Rep.,SYR,Benin,BEN,12.0,13.0,0.0,,0.0,0.0,Destination
46887,2019,Myanmar,MMR,Bangladesh,BGD,854764.0,0.0,0.0,,0.0,0.0,Destination
46888,2019,Somalia,SOM,Bangladesh,BGD,10.0,14.0,0.0,,0.0,0.0,Destination
46905,2019,South Sudan,SSD,Burkina Faso,BFA,0.0,5.0,0.0,,0.0,0.0,Destination
46906,2019,Syrian Arab Rep.,SYR,Burkina Faso,BFA,5.0,0.0,0.0,,0.0,0.0,Destination
46909,2019,Afghanistan,AFG,Belarus,BLR,213.0,15.0,0.0,,0.0,0.0,Destination
46921,2019,Syrian Arab Rep.,SYR,Belarus,BLR,68.0,0.0,0.0,,0.0,0.0,Destination
46937,2019,Syrian Arab Rep.,SYR,Bolivia (Plurinational State of),BOL,21.0,0.0,0.0,,0.0,0.0,Destination
46949,2019,Somalia,SOM,Botswana,BWA,299.0,36.0,0.0,,0.0,0.0,Destination
46953,2019,Afghanistan,AFG,Brazil,BRA,132.0,185.0,0.0,,0.0,0.0,Destination
47038,2019,Myanmar,MMR,Brazil,BRA,0.0,5.0,0.0,,0.0,0.0,Destination
47063,2019,Somalia,SOM,Brazil,BRA,48.0,570.0,0.0,,0.0,0.0,Destination
47071,2019,Syrian Arab Rep.,SYR,Brazil,BRA,3761.0,4242.0,0.0,,0.0,0.0,Destination
47092,2019,Afghanistan,AFG,Bosnia and Herzegovina,BIH,0.0,134.0,0.0,,0.0,902.0,Destination
47112,2019,Somalia,SOM,Bosnia and Herzegovina,BIH,0.0,5.0,0.0,,0.0,5.0,Destination
47114,2019,Syrian Arab Rep.,SYR,Bosnia and Herzegovina,BIH,21.0,46.0,0.0,,0.0,148.0,Destination
47120,2019,Afghanistan,AFG,Bulgaria,BGR,243.0,300.0,0.0,,0.0,0.0,Destination
47144,2019,Somalia,SOM,Bulgaria,BGR,50.0,5.0,0.0,,0.0,0.0,Destination
47146,2019,Syrian Arab Rep.,SYR,Bulgaria,BGR,17551.0,297.0,0.0,,0.0,0.0,Destination
47161,2019,Afghanistan,AFG,Canada,CAN,2447.0,620.0,0.0,,0.0,0.0,Destination
47271,2019,Myanmar,MMR,Canada,CAN,0.0,14.0,0.0,,0.0,0.0,Destination
47299,2019,Somalia,SOM,Canada,CAN,2253.0,621.0,0.0,,0.0,0.0,Destination
47305,2019,South Sudan,SSD,Canada,CAN,6.0,23.0,0.0,,0.0,0.0,Destination
47310,2019,Syrian Arab Rep.,SYR,Canada,CAN,5.0,303.0,0.0,,0.0,0.0,Destination
47345,2019,South Sudan,SSD,Central African Rep.,CAF,2235.0,0.0,0.0,,0.0,0.0,Destination
47364,2019,Somalia,SOM,Chad,TCD,7.0,0.0,0.0,,0.0,0.0,Destination
47366,2019,South Sudan,SSD,Chad,TCD,9.0,0.0,0.0,,0.0,0.0,Destination
47367,2019,Syrian Arab Rep.,SYR,Chad,TCD,35.0,10.0,0.0,,0.0,0.0,Destination
47369,2019,Afghanistan,AFG,China,CHN,21.0,21.0,0.0,,0.0,0.0,Destination
47387,2019,Somalia,SOM,China,CHN,106.0,17.0,0.0,,0.0,0.0,Destination
47389,2019,Syrian Arab Rep.,SYR,China,CHN,50.0,13.0,0.0,,0.0,0.0,Destination
47395,2019,Afghanistan,AFG,Chile,CHL,13.0,13.0,0.0,,0.0,0.0,Destination
47422,2019,Syrian Arab Rep.,SYR,Chile,CHL,112.0,33.0,0.0,,0.0,0.0,Destination
47453,2019,South Sudan,SSD,Cameroon,CMR,13.0,5.0,0.0,,0.0,0.0,Destination
47454,2019,Syrian Arab Rep.,SYR,Cameroon,CMR,24.0,5.0,0.0,,0.0,0.0,Destination
47474,2019,Syrian Arab Rep.,SYR,Congo,COG,0.0,13.0,0.0,,0.0,0.0,Destination
47492,2019,Somalia,SOM,Dem. Rep. of the Congo,COD,16.0,51.0,0.0,,0.0,0.0,Destination
47494,2019,South Sudan,SSD,Dem. Rep. of the Congo,COD,88717.0,10.0,0.0,,0.0,0.0,Destination
47495,2019,Syrian Arab Rep.,SYR,Dem. Rep. of the Congo,COD,5.0,26.0,0.0,,0.0,0.0,Destination
47497,2019,Afghanistan,AFG,Colombia,COL,9.0,0.0,0.0,,0.0,0.0,Destination
47516,2019,Somalia,SOM,Colombia,COL,11.0,0.0,0.0,,0.0,0.0,Destination
47517,2019,Syrian Arab Rep.,SYR,Colombia,COL,8.0,10.0,0.0,,0.0,0.0,Destination
47565,2019,Somalia,SOM,Costa Rica,CRI,7.0,5.0,0.0,,0.0,0.0,Destination
47567,2019,Syrian Arab Rep.,SYR,Costa Rica,CRI,5.0,24.0,0.0,,0.0,0.0,Destination
47575,2019,Afghanistan,AFG,Cuba,CUB,36.0,0.0,0.0,,0.0,0.0,Destination
47582,2019,Syrian Arab Rep.,SYR,Cuba,CUB,40.0,0.0,0.0,,0.0,0.0,Destination
47586,2019,Afghanistan,AFG,Cyprus,CYP,14.0,5.0,0.0,,0.0,0.0,Destination
47632,2019,Somalia,SOM,Cyprus,CYP,221.0,369.0,0.0,,0.0,0.0,Destination
47635,2019,Syrian Arab Rep.,SYR,Cyprus,CYP,7372.0,4073.0,0.0,,0.0,4000.0,Destination
47646,2019,Afghanistan,AFG,Czechia,CZE,45.0,14.0,0.0,,0.0,0.0,Destination
47674,2019,Myanmar,MMR,Czechia,CZE,145.0,0.0,0.0,,0.0,0.0,Destination
47681,2019,Somalia,SOM,Czechia,CZE,14.0,0.0,0.0,,0.0,0.0,Destination
47684,2019,Syrian Arab Rep.,SYR,Czechia,CZE,408.0,18.0,0.0,,0.0,0.0,Destination
47696,2019,Afghanistan,AFG,Denmark,DNK,2620.0,79.0,0.0,,0.0,0.0,Destination
47733,2019,Myanmar,MMR,Denmark,DNK,28.0,11.0,0.0,,0.0,0.0,Destination
47741,2019,Somalia,SOM,Denmark,DNK,1308.0,150.0,0.0,,0.0,0.0,Destination
47743,2019,Syrian Arab Rep.,SYR,Denmark,DNK,20046.0,210.0,0.0,,0.0,0.0,Destination
47764,2019,Somalia,SOM,Djibouti,DJI,13277.0,119.0,0.0,,0.0,0.0,Destination
47766,2019,Syrian Arab Rep.,SYR,Djibouti,DJI,10.0,0.0,0.0,,0.0,0.0,Destination
47768,2019,Afghanistan,AFG,Dominican Rep.,DOM,0.0,10.0,0.0,,0.0,0.0,Destination
47777,2019,Afghanistan,AFG,Ecuador,ECU,150.0,5.0,0.0,,0.0,0.0,Destination
47823,2019,Somalia,SOM,Ecuador,ECU,8.0,0.0,0.0,,0.0,0.0,Destination
47827,2019,Syrian Arab Rep.,SYR,Ecuador,ECU,146.0,38.0,0.0,,0.0,0.0,Destination
47839,2019,Somalia,SOM,Eritrea,ERI,78.0,0.0,0.0,,0.0,0.0,Destination
47841,2019,South Sudan,SSD,Eritrea,ERI,7.0,0.0,0.0,,0.0,0.0,Destination
47842,2019,Afghanistan,AFG,Estonia,EST,9.0,0.0,0.0,,0.0,0.0,Destination
47855,2019,Syrian Arab Rep.,SYR,Estonia,EST,127.0,0.0,0.0,,0.0,0.0,Destination
47874,2019,Somalia,SOM,Ethiopia,ETH,192181.0,55.0,0.0,,0.0,0.0,Destination
47876,2019,South Sudan,SSD,Ethiopia,ETH,334014.0,168.0,0.0,,0.0,0.0,Destination
47877,2019,Syrian Arab Rep.,SYR,Ethiopia,ETH,0.0,410.0,0.0,,0.0,0.0,Destination
47880,2019,Afghanistan,AFG,Fiji,FJI,5.0,5.0,0.0,,0.0,0.0,Destination
47883,2019,Afghanistan,AFG,Finland,FIN,3238.0,1220.0,0.0,,0.0,0.0,Destination
47932,2019,Myanmar,MMR,Finland,FIN,32.0,5.0,0.0,,0.0,0.0,Destination
47945,2019,Somalia,SOM,Finland,FIN,2977.0,728.0,0.0,,0.0,0.0,Destination
47948,2019,South Sudan,SSD,Finland,FIN,8.0,0.0,0.0,,0.0,0.0,Destination
47949,2019,Syrian Arab Rep.,SYR,Finland,FIN,2585.0,77.0,0.0,,0.0,0.0,Destination
47964,2019,Afghanistan,AFG,France,FRA,24293.0,11055.0,0.0,,0.0,0.0,Destination
48052,2019,Myanmar,MMR,France,FRA,329.0,5.0,0.0,,0.0,0.0,Destination
48071,2019,Somalia,SOM,France,FRA,4535.0,3895.0,0.0,,0.0,0.0,Destination
48076,2019,South Sudan,SSD,France,FRA,83.0,14.0,0.0,,0.0,0.0,Destination
48078,2019,Syrian Arab Rep.,SYR,France,FRA,18244.0,3244.0,0.0,,0.0,0.0,Destination
48104,2019,South Sudan,SSD,Gabon,GAB,5.0,0.0,0.0,,0.0,0.0,Destination
48116,2019,Afghanistan,AFG,United Kingdom of Great Britain and Northern Ireland,GBR,9513.0,2890.0,0.0,,0.0,0.0,Destination
48212,2019,Myanmar,MMR,United Kingdom of Great Britain and Northern Ireland,GBR,613.0,54.0,0.0,,0.0,0.0,Destination
48235,2019,Somalia,SOM,United Kingdom of Great Britain and Northern Ireland,GBR,3271.0,508.0,0.0,,0.0,0.0,Destination
48239,2019,South Sudan,SSD,United Kingdom of Great Britain and Northern Ireland,GBR,55.0,29.0,0.0,,0.0,0.0,Destination
48241,2019,Syrian Arab Rep.,SYR,United Kingdom of Great Britain and Northern Ireland,GBR,10389.0,1228.0,0.0,,0.0,0.0,Destination
48263,2019,Afghanistan,AFG,Georgia,GEO,11.0,18.0,0.0,,0.0,0.0,Destination
48284,2019,Somalia,SOM,Georgia,GEO,0.0,33.0,0.0,,0.0,0.0,Destination
48286,2019,Syrian Arab Rep.,SYR,Georgia,GEO,91.0,26.0,0.0,,0.0,341.0,Destination
48295,2019,Afghanistan,AFG,Germany,DEU,140366.0,47343.0,0.0,,0.0,0.0,Destination
48391,2019,Myanmar,MMR,Germany,DEU,851.0,294.0,0.0,,0.0,0.0,Destination
48418,2019,Somalia,SOM,Germany,DEU,26015.0,8438.0,0.0,,0.0,0.0,Destination
48422,2019,South Sudan,SSD,Germany,DEU,86.0,92.0,0.0,,0.0,0.0,Destination
48427,2019,Syrian Arab Rep.,SYR,Germany,DEU,572818.0,41280.0,0.0,,0.0,0.0,Destination
48469,2019,Somalia,SOM,Ghana,GHA,63.0,21.0,0.0,,0.0,0.0,Destination
48471,2019,South Sudan,SSD,Ghana,GHA,6.0,5.0,0.0,,0.0,0.0,Destination
48472,2019,Syrian Arab Rep.,SYR,Ghana,GHA,167.0,113.0,0.0,,0.0,0.0,Destination
48485,2019,Afghanistan,AFG,Greece,GRC,17685.0,27608.0,0.0,,0.0,0.0,Destination
48540,2019,Myanmar,MMR,Greece,GRC,74.0,24.0,0.0,,0.0,0.0,Destination
48554,2019,Somalia,SOM,Greece,GRC,1499.0,2289.0,0.0,,0.0,0.0,Destination
48557,2019,South Sudan,SSD,Greece,GRC,21.0,30.0,0.0,,0.0,0.0,Destination
48558,2019,Syrian Arab Rep.,SYR,Greece,GRC,26696.0,16165.0,0.0,,0.0,0.0,Destination
48599,2019,Somalia,SOM,Guinea,GIN,6.0,0.0,0.0,,0.0,0.0,Destination
48600,2019,Syrian Arab Rep.,SYR,Guinea,GIN,14.0,0.0,0.0,,0.0,0.0,Destination
48606,2019,Afghanistan,AFG,"China, Hong Kong SAR",HKG,5.0,0.0,0.0,,0.0,0.0,Destination
48617,2019,Somalia,SOM,"China, Hong Kong SAR",HKG,22.0,0.0,0.0,,0.0,0.0,Destination
48625,2019,Afghanistan,AFG,Croatia,HRV,53.0,108.0,0.0,,0.0,13.0,Destination
48650,2019,Somalia,SOM,Croatia,HRV,28.0,0.0,0.0,,0.0,0.0,Destination
48653,2019,Syrian Arab Rep.,SYR,Croatia,HRV,527.0,10.0,0.0,,0.0,18.0,Destination
48660,2019,Afghanistan,AFG,Hungary,HUN,1487.0,92.0,0.0,,0.0,0.0,Destination
48686,2019,Myanmar,MMR,Hungary,HUN,5.0,0.0,0.0,,0.0,0.0,Destination
48693,2019,Somalia,SOM,Hungary,HUN,615.0,0.0,0.0,,0.0,0.0,Destination
48695,2019,Syrian Arab Rep.,SYR,Hungary,HUN,934.0,5.0,0.0,,0.0,0.0,Destination
48705,2019,Afghanistan,AFG,Iceland,ISL,86.0,21.0,0.0,,0.0,0.0,Destination
48731,2019,Somalia,SOM,Iceland,ISL,38.0,33.0,0.0,,0.0,0.0,Destination
48733,2019,South Sudan,SSD,Iceland,ISL,5.0,0.0,0.0,,0.0,0.0,Destination
48734,2019,Syrian Arab Rep.,SYR,Iceland,ISL,109.0,21.0,0.0,,0.0,0.0,Destination
48763,2019,Somalia,SOM,Cote d'Ivoire,CIV,5.0,0.0,0.0,,0.0,0.0,Destination
48766,2019,Syrian Arab Rep.,SYR,Cote d'Ivoire,CIV,132.0,11.0,0.0,,0.0,0.0,Destination
48770,2019,Afghanistan,AFG,India,IND,7470.0,8219.0,0.0,,0.0,0.0,Destination
48789,2019,Myanmar,MMR,India,IND,2574.0,676.0,0.0,,0.0,0.0,Destination
48795,2019,Somalia,SOM,India,IND,533.0,319.0,0.0,,0.0,0.0,Destination
48797,2019,South Sudan,SSD,India,IND,0.0,95.0,0.0,,0.0,0.0,Destination
48798,2019,Syrian Arab Rep.,SYR,India,IND,70.0,29.0,0.0,,0.0,0.0,Destination
48809,2019,Afghanistan,AFG,Indonesia,IDN,5866.0,1826.0,0.0,,0.0,0.0,Destination
48826,2019,Myanmar,MMR,Indonesia,IDN,595.0,33.0,0.0,,0.0,0.0,Destination
48829,2019,Somalia,SOM,Indonesia,IDN,1120.0,302.0,0.0,,0.0,0.0,Destination
48832,2019,Syrian Arab Rep.,SYR,Indonesia,IDN,23.0,19.0,0.0,,0.0,0.0,Destination
48837,2019,Afghanistan,AFG,Ireland,IRL,366.0,129.0,0.0,,0.0,0.0,Destination
48899,2019,Myanmar,MMR,Ireland,IRL,13.0,5.0,0.0,,0.0,0.0,Destination
48913,2019,Somalia,SOM,Ireland,IRL,231.0,136.0,0.0,,0.0,0.0,Destination
48917,2019,Syrian Arab Rep.,SYR,Ireland,IRL,2882.0,54.0,0.0,,0.0,0.0,Destination
48933,2019,Afghanistan,AFG,Iran (Islamic Rep. of),IRN,951142.0,0.0,0.0,,0.0,0.0,Destination
48936,2019,Myanmar,MMR,Iran (Islamic Rep. of),IRN,0.0,33.0,0.0,,0.0,0.0,Destination
48939,2019,Afghanistan,AFG,Iraq,IRQ,11.0,56.0,0.0,,0.0,0.0,Destination
48953,2019,Somalia,SOM,Iraq,IRQ,6.0,5.0,0.0,,0.0,0.0,Destination
48955,2019,South Sudan,SSD,Iraq,IRQ,0.0,15.0,0.0,,0.0,0.0,Destination
48956,2019,Syrian Arab Rep.,SYR,Iraq,IRQ,245810.0,0.0,0.0,,0.0,0.0,Destination
48999,2019,Myanmar,MMR,Israel,ISR,0.0,23.0,0.0,,0.0,0.0,Destination
49008,2019,Somalia,SOM,Israel,ISR,0.0,11.0,0.0,,0.0,0.0,Destination
49011,2019,South Sudan,SSD,Israel,ISR,109.0,124.0,0.0,,0.0,0.0,Destination
49024,2019,Afghanistan,AFG,Italy,ITA,17849.0,840.0,0.0,,0.0,0.0,Destination
49104,2019,Myanmar,MMR,Italy,ITA,49.0,5.0,0.0,,0.0,0.0,Destination
49122,2019,Somalia,SOM,Italy,ITA,14029.0,444.0,0.0,,0.0,0.0,Destination
49125,2019,South Sudan,SSD,Italy,ITA,140.0,13.0,0.0,,0.0,0.0,Destination
49128,2019,Syrian Arab Rep.,SYR,Italy,ITA,4781.0,917.0,0.0,,0.0,0.0,Destination
49150,2019,Afghanistan,AFG,Jordan,JOR,8.0,10.0,0.0,,0.0,0.0,Destination
49182,2019,Somalia,SOM,Jordan,JOR,660.0,84.0,0.0,,0.0,0.0,Destination
49184,2019,South Sudan,SSD,Jordan,JOR,11.0,10.0,0.0,,0.0,0.0,Destination
49185,2019,Syrian Arab Rep.,SYR,Jordan,JOR,654692.0,0.0,0.0,,0.0,0.0,Destination
49194,2019,Afghanistan,AFG,Japan,JPN,68.0,0.0,0.0,,0.0,0.0,Destination
49204,2019,Myanmar,MMR,Japan,JPN,668.0,0.0,0.0,,0.0,0.0,Destination
49207,2019,Somalia,SOM,Japan,JPN,5.0,0.0,0.0,,0.0,0.0,Destination
49209,2019,Syrian Arab Rep.,SYR,Japan,JPN,69.0,0.0,0.0,,0.0,0.0,Destination
49213,2019,Afghanistan,AFG,Kazakhstan,KAZ,491.0,181.0,0.0,,0.0,0.0,Destination
49215,2019,Syrian Arab Rep.,SYR,Kazakhstan,KAZ,14.0,19.0,0.0,,0.0,0.0,Destination
49218,2019,Afghanistan,AFG,Kenya,KEN,10.0,10.0,0.0,,0.0,0.0,Destination
49235,2019,Somalia,SOM,Kenya,KEN,257766.0,6499.0,0.0,,0.0,0.0,Destination
49237,2019,South Sudan,SSD,Kenya,KEN,121410.0,143.0,0.0,,0.0,0.0,Destination
49238,2019,Syrian Arab Rep.,SYR,Kenya,KEN,5.0,5.0,0.0,,0.0,0.0,Destination
49245,2019,Afghanistan,AFG,Kyrgyzstan,KGZ,227.0,104.0,0.0,,0.0,0.0,Destination
49248,2019,Syrian Arab Rep.,SYR,Kyrgyzstan,KGZ,86.0,5.0,0.0,,0.0,0.0,Destination
49254,2019,Afghanistan,AFG,Rep. of Korea,KOR,41.0,49.0,0.0,,0.0,0.0,Destination
49298,2019,Myanmar,MMR,Rep. of Korea,KOR,363.0,72.0,0.0,,0.0,0.0,Destination
49310,2019,Somalia,SOM,Rep. of Korea,KOR,6.0,0.0,0.0,,0.0,0.0,Destination
49313,2019,South Sudan,SSD,Rep. of Korea,KOR,0.0,5.0,0.0,,0.0,0.0,Destination
49315,2019,Syrian Arab Rep.,SYR,Rep. of Korea,KOR,1199.0,60.0,0.0,,0.0,0.0,Destination
49330,2019,Afghanistan,AFG,Kuwait,KWT,0.0,17.0,0.0,,0.0,0.0,Destination
49343,2019,Somalia,SOM,Kuwait,KWT,218.0,442.0,0.0,,0.0,0.0,Destination
49345,2019,South Sudan,SSD,Kuwait,KWT,0.0,5.0,0.0,,0.0,0.0,Destination
49346,2019,Syrian Arab Rep.,SYR,Kuwait,KWT,106.0,100.0,0.0,,0.0,0.0,Destination
49355,2019,Somalia,SOM,Liberia,LBR,5.0,0.0,0.0,,0.0,0.0,Destination
49357,2019,Syrian Arab Rep.,SYR,Liberia,LBR,11.0,0.0,0.0,,0.0,0.0,Destination
49359,2019,Afghanistan,AFG,Libya,LBY,0.0,11.0,0.0,,0.0,0.0,Destination
49370,2019,Somalia,SOM,Libya,LBY,91.0,2331.0,0.0,,0.0,0.0,Destination
49372,2019,South Sudan,SSD,Libya,LBY,5.0,224.0,0.0,,0.0,0.0,Destination
49373,2019,Syrian Arab Rep.,SYR,Libya,LBY,612.0,16738.0,0.0,,0.0,0.0,Destination
49375,2019,Afghanistan,AFG,Lebanon,LBN,18.0,5.0,0.0,,0.0,0.0,Destination
49407,2019,Somalia,SOM,Lebanon,LBN,14.0,10.0,0.0,,0.0,0.0,Destination
49409,2019,South Sudan,SSD,Lebanon,LBN,32.0,0.0,0.0,,0.0,0.0,Destination
49410,2019,Syrian Arab Rep.,SYR,Lebanon,LBN,910586.0,0.0,0.0,,0.0,1932.0,Destination
49422,2019,Afghanistan,AFG,Liechtenstein,LIE,5.0,0.0,0.0,,0.0,0.0,Destination
49430,2019,Somalia,SOM,Liechtenstein,LIE,25.0,5.0,0.0,,0.0,0.0,Destination
49431,2019,Syrian Arab Rep.,SYR,Liechtenstein,LIE,32.0,0.0,0.0,,0.0,0.0,Destination
49433,2019,Afghanistan,AFG,Sri Lanka,LKA,160.0,45.0,0.0,,0.0,0.0,Destination
49438,2019,Myanmar,MMR,Sri Lanka,LKA,34.0,0.0,0.0,,0.0,0.0,Destination
49442,2019,Syrian Arab Rep.,SYR,Sri Lanka,LKA,5.0,0.0,0.0,,0.0,0.0,Destination
49444,2019,Afghanistan,AFG,Lithuania,LTU,236.0,5.0,0.0,,0.0,0.0,Destination
49461,2019,Somalia,SOM,Lithuania,LTU,22.0,0.0,0.0,,0.0,0.0,Destination
49462,2019,Syrian Arab Rep.,SYR,Lithuania,LTU,453.0,5.0,0.0,,0.0,0.0,Destination
49468,2019,Afghanistan,AFG,Luxembourg,LUX,97.0,170.0,0.0,,0.0,0.0,Destination
49514,2019,Somalia,SOM,Luxembourg,LUX,41.0,35.0,0.0,,0.0,0.0,Destination
49516,2019,South Sudan,SSD,Luxembourg,LUX,0.0,5.0,0.0,,0.0,0.0,Destination
49517,2019,Syrian Arab Rep.,SYR,Luxembourg,LUX,951.0,200.0,0.0,,0.0,0.0,Destination
49529,2019,Afghanistan,AFG,Latvia,LVA,66.0,0.0,0.0,,0.0,0.0,Destination
49543,2019,Somalia,SOM,Latvia,LVA,5.0,0.0,0.0,,0.0,0.0,Destination
49544,2019,Syrian Arab Rep.,SYR,Latvia,LVA,354.0,0.0,0.0,,0.0,0.0,Destination
49549,2019,Afghanistan,AFG,Madagascar,MDG,10.0,10.0,0.0,,0.0,0.0,Destination
49555,2019,Syrian Arab Rep.,SYR,Madagascar,MDG,5.0,0.0,0.0,,0.0,0.0,Destination
49582,2019,Somalia,SOM,Mauritania,MRT,0.0,5.0,0.0,,0.0,0.0,Destination
49584,2019,Syrian Arab Rep.,SYR,Mauritania,MRT,355.0,36.0,0.0,,0.0,0.0,Destination
49590,2019,Afghanistan,AFG,North Macedonia,MKD,5.0,15.0,0.0,,0.0,0.0,Destination
49599,2019,Syrian Arab Rep.,SYR,North Macedonia,MKD,17.0,14.0,0.0,,0.0,0.0,Destination
49602,2019,Afghanistan,AFG,Rep. of Moldova,MDA,24.0,0.0,0.0,,0.0,0.0,Destination
49613,2019,Syrian Arab Rep.,SYR,Rep. of Moldova,MDA,210.0,5.0,0.0,,0.0,0.0,Destination
49677,2019,Somalia,SOM,Mexico,MEX,0.0,5.0,0.0,,0.0,0.0,Destination
49680,2019,Syrian Arab Rep.,SYR,Mexico,MEX,29.0,10.0,0.0,,0.0,0.0,Destination
49706,2019,Syrian Arab Rep.,SYR,Mali,MLI,20.0,413.0,0.0,,0.0,0.0,Destination
49709,2019,Afghanistan,AFG,Malaysia,MYS,1352.0,1126.0,0.0,,0.0,0.0,Destination
49738,2019,Myanmar,MMR,Malaysia,MYS,119230.0,34546.0,0.0,,0.0,0.0,Destination
49745,2019,Somalia,SOM,Malaysia,MYS,1540.0,1754.0,0.0,,0.0,0.0,Destination
49748,2019,South Sudan,SSD,Malaysia,MYS,13.0,43.0,0.0,,0.0,0.0,Destination
49749,2019,Syrian Arab Rep.,SYR,Malaysia,MYS,425.0,2861.0,0.0,,0.0,0.0,Destination
49763,2019,Somalia,SOM,Malawi,MWI,50.0,52.0,0.0,,0.0,0.0,Destination
49764,2019,South Sudan,SSD,Malawi,MWI,5.0,0.0,0.0,,0.0,0.0,Destination
49772,2019,Afghanistan,AFG,Morocco,MAR,5.0,5.0,0.0,,0.0,0.0,Destination
49803,2019,Somalia,SOM,Morocco,MAR,8.0,10.0,0.0,,0.0,0.0,Destination
49805,2019,South Sudan,SSD,Morocco,MAR,292.0,0.0,0.0,,0.0,0.0,Destination
49806,2019,Syrian Arab Rep.,SYR,Morocco,MAR,3676.0,0.0,0.0,,0.0,0.0,Destination
49822,2019,Somalia,SOM,Mozambique,MOZ,148.0,3239.0,0.0,,0.0,0.0,Destination
49825,2019,Afghanistan,AFG,Malta,MLT,0.0,5.0,0.0,,0.0,0.0,Destination
49868,2019,Somalia,SOM,Malta,MLT,1780.0,145.0,0.0,,0.0,0.0,Destination
49870,2019,South Sudan,SSD,Malta,MLT,22.0,62.0,0.0,,0.0,0.0,Destination
49871,2019,Syrian Arab Rep.,SYR,Malta,MLT,1706.0,482.0,0.0,,0.0,0.0,Destination
49882,2019,Afghanistan,AFG,Montenegro,MNE,0.0,50.0,0.0,,0.0,0.0,Destination
49898,2019,Syrian Arab Rep.,SYR,Montenegro,MNE,0.0,14.0,0.0,,0.0,0.0,Destination
49907,2019,Myanmar,MMR,Myanmar,MMR,0.0,0.0,312018.0,,0.0,0.0,Destination
49916,2019,Somalia,SOM,Namibia,NAM,5.0,5.0,0.0,,0.0,0.0,Destination
49918,2019,South Sudan,SSD,Namibia,NAM,0.0,5.0,0.0,,0.0,0.0,Destination
49921,2019,Afghanistan,AFG,Nepal,NPL,51.0,0.0,0.0,,0.0,0.0,Destination
49927,2019,Myanmar,MMR,Nepal,NPL,351.0,11.0,0.0,,0.0,0.0,Destination
49930,2019,Somalia,SOM,Nepal,NPL,26.0,0.0,0.0,,0.0,0.0,Destination
49933,2019,Afghanistan,AFG,Netherlands,NLD,5815.0,543.0,0.0,,0.0,0.0,Destination
49996,2019,Myanmar,MMR,Netherlands,NLD,495.0,42.0,0.0,,0.0,0.0,Destination
50012,2019,Somalia,SOM,Netherlands,NLD,13007.0,196.0,0.0,,0.0,0.0,Destination
50016,2019,South Sudan,SSD,Netherlands,NLD,0.0,5.0,0.0,,0.0,0.0,Destination
50017,2019,Syrian Arab Rep.,SYR,Netherlands,NLD,31694.0,3092.0,0.0,,0.0,0.0,Destination
50053,2019,Somalia,SOM,Niger,NER,163.0,65.0,0.0,,0.0,0.0,Destination
50055,2019,South Sudan,SSD,Niger,NER,0.0,5.0,0.0,,0.0,0.0,Destination
50056,2019,Syrian Arab Rep.,SYR,Niger,NER,7.0,0.0,0.0,,0.0,0.0,Destination
50064,2019,Afghanistan,AFG,Nigeria,NGA,5.0,0.0,0.0,,0.0,0.0,Destination
50086,2019,Syrian Arab Rep.,SYR,Nigeria,NGA,263.0,132.0,0.0,,0.0,0.0,Destination
50089,2019,Afghanistan,AFG,Norway,NOR,5108.0,81.0,0.0,,0.0,0.0,Destination
50137,2019,Myanmar,MMR,Norway,NOR,109.0,0.0,0.0,,0.0,0.0,Destination
50150,2019,Somalia,SOM,Norway,NOR,6518.0,40.0,0.0,,0.0,0.0,Destination
50153,2019,South Sudan,SSD,Norway,NOR,17.0,0.0,0.0,,0.0,0.0,Destination
50154,2019,Syrian Arab Rep.,SYR,Norway,NOR,14359.0,252.0,0.0,,0.0,0.0,Destination
50167,2019,Afghanistan,AFG,Nauru,NRU,25.0,5.0,0.0,,0.0,0.0,Destination
50177,2019,Myanmar,MMR,Nauru,NRU,66.0,13.0,0.0,,0.0,0.0,Destination
50180,2019,Somalia,SOM,Nauru,NRU,78.0,10.0,0.0,,0.0,0.0,Destination
50182,2019,Syrian Arab Rep.,SYR,Nauru,NRU,0.0,5.0,0.0,,0.0,0.0,Destination
50184,2019,Afghanistan,AFG,New Zealand,NZL,214.0,31.0,0.0,,0.0,0.0,Destination
50216,2019,Myanmar,MMR,New Zealand,NZL,238.0,0.0,0.0,,0.0,0.0,Destination
50225,2019,Somalia,SOM,New Zealand,NZL,35.0,0.0,0.0,,0.0,0.0,Destination
50228,2019,Syrian Arab Rep.,SYR,New Zealand,NZL,172.0,5.0,0.0,,0.0,0.0,Destination
50237,2019,Syrian Arab Rep.,SYR,Oman,OMN,8.0,0.0,0.0,,0.0,0.0,Destination
50238,2019,Afghanistan,AFG,Pakistan,PAK,1419084.0,8406.0,0.0,,0.0,0.0,Destination
50245,2019,Myanmar,MMR,Pakistan,PAK,23.0,31.0,0.0,,0.0,0.0,Destination
50248,2019,Somalia,SOM,Pakistan,PAK,181.0,21.0,0.0,,0.0,0.0,Destination
50249,2019,Syrian Arab Rep.,SYR,Pakistan,PAK,43.0,0.0,0.0,,0.0,0.0,Destination
50253,2019,Afghanistan,AFG,Panama,PAN,5.0,5.0,0.0,,0.0,0.0,Destination
50287,2019,Somalia,SOM,Panama,PAN,0.0,103.0,0.0,,0.0,0.0,Destination
50289,2019,Syrian Arab Rep.,SYR,Panama,PAN,0.0,12.0,0.0,,0.0,0.0,Destination
50304,2019,Syrian Arab Rep.,SYR,Paraguay,PRY,88.0,11.0,0.0,,0.0,0.0,Destination
50346,2019,Syrian Arab Rep.,SYR,Peru,PER,42.0,12.0,0.0,,0.0,0.0,Destination
50355,2019,Afghanistan,AFG,Philippines,PHL,14.0,5.0,0.0,,0.0,0.0,Destination
50373,2019,Myanmar,MMR,Philippines,PHL,7.0,0.0,0.0,,0.0,0.0,Destination
50379,2019,Somalia,SOM,Philippines,PHL,31.0,14.0,0.0,,0.0,0.0,Destination
50382,2019,Syrian Arab Rep.,SYR,Philippines,PHL,115.0,41.0,0.0,,0.0,0.0,Destination
50388,2019,Afghanistan,AFG,Papua New Guinea,PNG,43.0,5.0,0.0,,0.0,0.0,Destination
50395,2019,Myanmar,MMR,Papua New Guinea,PNG,5.0,0.0,0.0,,0.0,0.0,Destination
50397,2019,Somalia,SOM,Papua New Guinea,PNG,19.0,0.0,0.0,,0.0,0.0,Destination
50400,2019,Afghanistan,AFG,Poland,POL,121.0,16.0,0.0,,0.0,0.0,Destination
50441,2019,Somalia,SOM,Poland,POL,50.0,0.0,0.0,,0.0,0.0,Destination
50444,2019,Syrian Arab Rep.,SYR,Poland,POL,542.0,23.0,0.0,,0.0,0.0,Destination
50455,2019,Afghanistan,AFG,Portugal,PRT,20.0,5.0,0.0,,0.0,0.0,Destination
50497,2019,Somalia,SOM,Portugal,PRT,33.0,5.0,0.0,,0.0,0.0,Destination
50500,2019,South Sudan,SSD,Portugal,PRT,30.0,0.0,0.0,,0.0,0.0,Destination
50501,2019,Syrian Arab Rep.,SYR,Portugal,PRT,768.0,5.0,0.0,,0.0,0.0,Destination
50512,2019,Somalia,SOM,Qatar,QAT,9.0,0.0,0.0,,0.0,0.0,Destination
50514,2019,Syrian Arab Rep.,SYR,Qatar,QAT,34.0,0.0,0.0,,0.0,0.0,Destination
50517,2019,Afghanistan,AFG,Romania,ROU,148.0,67.0,0.0,,0.0,0.0,Destination
50544,2019,Myanmar,MMR,Romania,ROU,26.0,0.0,0.0,,0.0,0.0,Destination
50550,2019,Somalia,SOM,Romania,ROU,99.0,27.0,0.0,,0.0,0.0,Destination
50552,2019,Syrian Arab Rep.,SYR,Romania,ROU,2090.0,146.0,0.0,,0.0,0.0,Destination
50573,2019,Somalia,SOM,South Africa,ZAF,27113.0,0.0,0.0,,0.0,0.0,Destination
50575,2019,Syrian Arab Rep.,SYR,South Africa,ZAF,45.0,0.0,0.0,,0.0,0.0,Destination
50581,2019,Afghanistan,AFG,Russian Federation,RUS,795.0,268.0,0.0,,0.0,0.0,Destination
50606,2019,Syrian Arab Rep.,SYR,Russian Federation,RUS,593.0,110.0,0.0,,0.0,0.0,Destination
50623,2019,Somalia,SOM,Rwanda,RWA,18.0,24.0,0.0,,0.0,5.0,Destination
50625,2019,South Sudan,SSD,Rwanda,RWA,5.0,5.0,0.0,,0.0,0.0,Destination
50633,2019,Syrian Arab Rep.,SYR,El Salvador,SLV,5.0,0.0,0.0,,0.0,0.0,Destination
50640,2019,Somalia,SOM,Saudi Arabia,SAU,16.0,0.0,0.0,,0.0,0.0,Destination
50642,2019,Syrian Arab Rep.,SYR,Saudi Arabia,SAU,152.0,2220.0,0.0,,0.0,0.0,Destination
50646,2019,Afghanistan,AFG,Serbia and Kosovo: S/RES/1244 (1999),SRB,19.0,10.0,0.0,,0.0,2662.0,Destination
50665,2019,Somalia,SOM,Serbia and Kosovo: S/RES/1244 (1999),SRB,5.0,20.0,0.0,,0.0,0.0,Destination
50667,2019,Syrian Arab Rep.,SYR,Serbia and Kosovo: S/RES/1244 (1999),SRB,25.0,24.0,0.0,,0.0,678.0,Destination
50673,2019,Afghanistan,AFG,Senegal,SEN,0.0,5.0,0.0,,0.0,0.0,Destination
50697,2019,Syrian Arab Rep.,SYR,Senegal,SEN,0.0,14.0,0.0,,0.0,0.0,Destination
50714,2019,Somalia,SOM,Somalia,SOM,0.0,0.0,2648000.0,,0.0,134.0,Destination
50716,2019,Syrian Arab Rep.,SYR,Somalia,SOM,245.0,21.0,0.0,,0.0,0.0,Destination
50719,2019,Afghanistan,AFG,Spain,ESP,395.0,270.0,0.0,,0.0,0.0,Destination
50786,2019,Myanmar,MMR,Spain,ESP,8.0,0.0,0.0,,0.0,0.0,Destination
50806,2019,Somalia,SOM,Spain,ESP,747.0,140.0,0.0,,0.0,0.0,Destination
50809,2019,South Sudan,SSD,Spain,ESP,5.0,5.0,0.0,,0.0,0.0,Destination
50810,2019,Syrian Arab Rep.,SYR,Spain,ESP,14133.0,2805.0,0.0,,0.0,0.0,Destination
50830,2019,Afghanistan,AFG,Sudan,SDN,0.0,0.0,0.0,,0.0,5.0,Destination
50839,2019,Somalia,SOM,Sudan,SDN,438.0,171.0,0.0,,0.0,0.0,Destination
50841,2019,South Sudan,SSD,Sudan,SDN,810917.0,0.0,0.0,,0.0,0.0,Destination
50842,2019,Syrian Arab Rep.,SYR,Sudan,SDN,93495.0,0.0,0.0,,0.0,0.0,Destination
50856,2019,Somalia,SOM,South Sudan,SSD,0.0,31.0,0.0,,0.0,0.0,Destination
50858,2019,South Sudan,SSD,South Sudan,SSD,0.0,0.0,1665815.0,,0.0,10000.0,Destination
50859,2019,Afghanistan,AFG,Slovakia,SVK,276.0,0.0,0.0,,0.0,0.0,Destination
50879,2019,Somalia,SOM,Slovakia,SVK,32.0,0.0,0.0,,0.0,0.0,Destination
50881,2019,Syrian Arab Rep.,SYR,Slovakia,SVK,14.0,5.0,0.0,,0.0,0.0,Destination
50887,2019,Afghanistan,AFG,Slovenia,SVN,51.0,23.0,0.0,,0.0,0.0,Destination
50904,2019,Somalia,SOM,Slovenia,SVN,50.0,0.0,0.0,,0.0,0.0,Destination
50906,2019,Syrian Arab Rep.,SYR,Slovenia,SVN,307.0,15.0,0.0,,0.0,0.0,Destination
50923,2019,Somalia,SOM,Eswatini,SWZ,99.0,256.0,0.0,,0.0,0.0,Destination
50927,2019,Afghanistan,AFG,Sweden,SWE,30546.0,3015.0,0.0,,0.0,0.0,Destination
51003,2019,Myanmar,MMR,Sweden,SWE,10.0,10.0,0.0,,0.0,0.0,Destination
51021,2019,Somalia,SOM,Sweden,SWE,17593.0,1084.0,0.0,,0.0,0.0,Destination
51024,2019,South Sudan,SSD,Sweden,SWE,63.0,0.0,0.0,,0.0,0.0,Destination
51027,2019,Syrian Arab Rep.,SYR,Sweden,SWE,113418.0,2226.0,0.0,,0.0,0.0,Destination
51046,2019,Afghanistan,AFG,Switzerland,CHE,13455.0,1152.0,0.0,,0.0,0.0,Destination
51118,2019,Myanmar,MMR,Switzerland,CHE,34.0,0.0,0.0,,0.0,0.0,Destination
51137,2019,Somalia,SOM,Switzerland,CHE,4762.0,250.0,0.0,,0.0,0.0,Destination
51141,2019,South Sudan,SSD,Switzerland,CHE,13.0,10.0,0.0,,0.0,0.0,Destination
51142,2019,Syrian Arab Rep.,SYR,Switzerland,CHE,18755.0,918.0,0.0,,0.0,0.0,Destination
51158,2019,Afghanistan,AFG,Syrian Arab Rep.,SYR,1110.0,30.0,0.0,,0.0,0.0,Destination
51177,2019,Somalia,SOM,Syrian Arab Rep.,SYR,346.0,31.0,0.0,,0.0,0.0,Destination
51179,2019,South Sudan,SSD,Syrian Arab Rep.,SYR,80.0,0.0,0.0,,0.0,0.0,Destination
51180,2019,Syrian Arab Rep.,SYR,Syrian Arab Rep.,SYR,0.0,0.0,6146994.0,,0.0,0.0,Destination
51193,2019,Somalia,SOM,United Rep. of Tanzania,TZA,159.0,5.0,0.0,,0.0,0.0,Destination
51194,2019,South Sudan,SSD,United Rep. of Tanzania,TZA,10.0,10.0,0.0,,0.0,0.0,Destination
51195,2019,Syrian Arab Rep.,SYR,United Rep. of Tanzania,TZA,5.0,16.0,0.0,,0.0,12.0,Destination
51201,2019,Afghanistan,AFG,Thailand,THA,134.0,18.0,0.0,,0.0,0.0,Destination
51218,2019,Myanmar,MMR,Thailand,THA,93335.0,13.0,0.0,,0.0,119.0,Destination
51221,2019,Somalia,SOM,Thailand,THA,200.0,24.0,0.0,,0.0,0.0,Destination
51224,2019,Syrian Arab Rep.,SYR,Thailand,THA,217.0,10.0,0.0,,0.0,0.0,Destination
51230,2019,Afghanistan,AFG,Tajikistan,TJK,3783.0,1413.0,0.0,,0.0,0.0,Destination
51233,2019,Afghanistan,AFG,Turkmenistan,TKM,14.0,0.0,0.0,,0.0,0.0,Destination
51253,2019,Syrian Arab Rep.,SYR,Togo,TGO,6.0,11.0,0.0,,0.0,0.0,Destination
51274,2019,Syrian Arab Rep.,SYR,Trinidad and Tobago,TTO,58.0,38.0,0.0,,0.0,0.0,Destination
51304,2019,Somalia,SOM,Tunisia,TUN,19.0,170.0,0.0,,0.0,0.0,Destination
51306,2019,South Sudan,SSD,Tunisia,TUN,0.0,26.0,0.0,,0.0,0.0,Destination
51307,2019,Syrian Arab Rep.,SYR,Tunisia,TUN,1382.0,0.0,0.0,,0.0,0.0,Destination
51310,2019,Afghanistan,AFG,Turkey,TUR,1192.0,116403.0,0.0,,0.0,0.0,Destination
51313,2019,Syrian Arab Rep.,SYR,Turkey,TUR,3576370.0,0.0,0.0,,0.0,0.0,Destination
51315,2019,Afghanistan,AFG,United Arab Emirates,ARE,5.0,25.0,0.0,,0.0,0.0,Destination
51333,2019,Somalia,SOM,United Arab Emirates,ARE,18.0,0.0,0.0,,0.0,0.0,Destination
51335,2019,Syrian Arab Rep.,SYR,United Arab Emirates,ARE,333.0,6575.0,0.0,,0.0,11.0,Destination
51353,2019,Somalia,SOM,Uganda,UGA,33073.0,4887.0,0.0,,0.0,0.0,Destination
51355,2019,South Sudan,SSD,Uganda,UGA,861452.0,138.0,0.0,,0.0,0.0,Destination
51356,2019,Syrian Arab Rep.,SYR,Uganda,UGA,6.0,10.0,0.0,,0.0,0.0,Destination
51361,2019,Afghanistan,AFG,Ukraine,UKR,820.0,641.0,0.0,,0.0,0.0,Destination
51391,2019,Myanmar,MMR,Ukraine,UKR,0.0,5.0,0.0,,0.0,0.0,Destination
51399,2019,Somalia,SOM,Ukraine,UKR,85.0,106.0,0.0,,0.0,0.0,Destination
51402,2019,Syrian Arab Rep.,SYR,Ukraine,UKR,462.0,161.0,0.0,,0.0,0.0,Destination
51410,2019,Afghanistan,AFG,Uruguay,URY,0.0,5.0,0.0,,0.0,0.0,Destination
51444,2019,Somalia,SOM,Uruguay,URY,5.0,0.0,0.0,,0.0,0.0,Destination
51445,2019,Syrian Arab Rep.,SYR,Uruguay,URY,61.0,5.0,0.0,,0.0,0.0,Destination
51450,2019,Afghanistan,AFG,United States of America,USA,1629.0,727.0,0.0,,0.0,0.0,Destination
51567,2019,Myanmar,MMR,United States of America,USA,1429.0,1294.0,0.0,,0.0,0.0,Destination
51595,2019,Somalia,SOM,United States of America,USA,1971.0,345.0,0.0,,0.0,0.0,Destination
51601,2019,South Sudan,SSD,United States of America,USA,45.0,36.0,0.0,,0.0,0.0,Destination
51607,2019,Syrian Arab Rep.,SYR,United States of America,USA,8449.0,2660.0,0.0,,0.0,0.0,Destination
51633,2019,Afghanistan,AFG,Uzbekistan,UZB,13.0,0.0,0.0,,0.0,0.0,Destination
51636,2019,Afghanistan,AFG,Venezuela (Bolivarian Republic of),VEN,10.0,0.0,0.0,,0.0,0.0,Destination
51650,2019,Syrian Arab Rep.,SYR,Venezuela (Bolivarian Republic of),VEN,5.0,0.0,0.0,,0.0,0.0,Destination
51667,2019,Somalia,SOM,Yemen,YEM,252899.0,155.0,0.0,,0.0,0.0,Destination
51670,2019,Syrian Arab Rep.,SYR,Yemen,YEM,3551.0,407.0,0.0,,0.0,0.0,Destination
51686,2019,Somalia,SOM,Zambia,ZMB,3379.0,245.0,0.0,,0.0,0.0,Destination
51688,2019,Syrian Arab Rep.,SYR,Zambia,ZMB,15.0,5.0,0.0,,0.0,0.0,Destination
51705,2019,Somalia,SOM,Zimbabwe,ZWE,14.0,19.0,0.0,,0.0,0.0,Destination
51707,2019,South Sudan,SSD,Zimbabwe,ZWE,8.0,24.0,0.0,,0.0,0.0,Destination
