Year,Country of origin,Country of origin (ISO),Country of asylum,Country of asylum (ISO),Returned refugees,Returned IDPss,Resettlement arrivals,Naturalisation
2009,Afghanistan,AFG,-,-,57577,7225,2762,1667
2009,Albania,ALB,-,-,,,,519
2009,Algeria,DZA,-,-,,,9,113
2009,Angola,AGO,-,-,2444,,119,63
2009,Egypt,EGY,-,-,,,87,295
2009,Argentina,ARG,-,-,,,,102
2009,Armenia,ARM,-,-,,,5,235
2009,Azerbaijan,AZE,-,-,,,39,824
2009,Burundi,BDI,-,-,32364,,972,155145
2009,Belgium,BEL,-,-,,,,9
2009,Benin,BEN,-,-,,,,11
2009,Bangladesh,BGD,-,-,,,,224
2009,Bhutan,BTN,-,-,,,17277,
2009,Belarus,BLR,-,-,,,148,429
2009,Bolivia (Plurinational State of),BOL,-,-,,,,18
2009,Brazil,BRA,-,-,,,,36
2009,Bosnia and Herzegovina,BIH,-,-,870,299,,3447
2009,Bulgaria,BGR,-,-,,,,70
2009,Belize,BLZ,-,-,,,,5
2009,Cambodia,KHM,-,-,,,24,1330
2009,Central African Rep.,CAF,-,-,51,,68,
2009,Chad,TCD,-,-,1799,20771,14,11
2009,China,CHN,-,-,,,222,1347
2009,Chile,CHL,-,-,,,,36
2009,Cameroon,CMR,-,-,,,17,145
2009,Congo,COG,-,-,76,,480,214
2009,Dem. Rep. of the Congo,COD,-,-,44291,78859,3127,234
2009,Colombia,COL,-,-,58,,1109,570
2009,Costa Rica,CRI,-,-,,,,14
2009,Cuba,CUB,-,-,,,4808,11720
2009,Czechia,CZE,-,-,,,,30
2009,Djibouti,DJI,-,-,,,11,13
2009,Dominican Rep.,DOM,-,-,,,,10
2009,Ecuador,ECU,-,-,,,51,33
2009,Equatorial Guinea,GNQ,-,-,,,18,
2009,Eritrea,ERI,-,-,10,,3103,142
2009,Estonia,EST,-,-,,,,24
2009,Ethiopia,ETH,-,-,14,,1770,2393
2009,Fiji,FJI,-,-,,,5,19
2009,France,FRA,-,-,,,,12
2009,Gambia,GMB,-,-,,,5,23
2009,Palestinian,PSE,-,-,,,290,16
2009,United Kingdom of Great Britain and Northern Ireland,GBR,-,-,,,,5
2009,Georgia,GEO,-,-,,5273,,386
2009,Germany,DEU,-,-,,,5,29
2009,Ghana,GHA,-,-,,,5,51
2009,Guinea-Bissau,GNB,-,-,,,,5
2009,Greece,GRC,-,-,,,,6
2009,Guatemala,GTM,-,-,,,,157
2009,Guinea,GIN,-,-,,,19,80
2009,Guyana,GUY,-,-,,,,5
2009,Haiti,HTI,-,-,7,,,390
2009,"China, Hong Kong SAR",HKG,-,-,,,,53
2009,Honduras,HND,-,-,,,,59
2009,Croatia,HRV,-,-,709,212,,374
2009,Hungary,HUN,-,-,,,,40
2009,Cote d'Ivoire,CIV,-,-,89,166816,46,69
2009,India,IND,-,-,,,19,1167
2009,Indonesia,IDN,-,-,311,,8,330
2009,Iran (Islamic Rep. of),IRN,-,-,,,6075,2453
2009,Iraq,IRQ,-,-,38033,167740,28977,1602
2009,Israel,ISR,-,-,,,,9
2009,Italy,ITA,-,-,,,,14
2009,Jamaica,JAM,-,-,,,,5
2009,Jordan,JOR,-,-,,,31,29
2009,Japan,JPN,-,-,,,,5
2009,Kazakhstan,KAZ,-,-,,,60,184
2009,Kenya,KEN,-,-,454,5000,16,49
2009,Kyrgyzstan,KGZ,-,-,,,65,71
2009,Rep. of Korea,KOR,-,-,,,,5
2009,Dem. People's Rep. of Korea,PRK,-,-,,,18,
2009,Kuwait,KWT,-,-,,,12,43
2009,Lao People's Dem. Rep.,LAO,-,-,,,6,1673
2009,Liberia,LBR,-,-,1404,,867,1287
2009,Libya,LBY,-,-,,,,28
2009,Lebanon,LBN,-,-,,,16,79
2009,Sri Lanka,LKA,-,-,1488,94600,430,50
2009,Lithuania,LTU,-,-,,,,15
2009,Latvia,LVA,-,-,,,,43
2009,Madagascar,MDG,-,-,,,5,
2009,Mauritania,MRT,-,-,12012,,24,80
2009,North Macedonia,MKD,-,-,,,,37
2009,Rep. of Moldova,MDA,-,-,,,497,496
2009,Mexico,MEX,-,-,,,,51
2009,Mali,MLI,-,-,,,,9
2009,Malaysia,MYS,-,-,,,,26
2009,Montenegro,MNE,-,-,,,,10
2009,Myanmar,MMR,-,-,,,24170,367
2009,Namibia,NAM,-,-,31,,12,
2009,Nepal,NPL,-,-,,,13,25
2009,Niger,NER,-,-,,,,13
2009,Nicaragua,NIC,-,-,,,,403
2009,Nigeria,NGA,-,-,,,42,297
2009,Pakistan,PAK,-,-,5,1106396,167,380
2009,Panama,PAN,-,-,,,,11
2009,Paraguay,PRY,-,-,,,,5
2009,Peru,PER,-,-,,,,390
2009,Philippines,PHL,-,-,,,,85
2009,Poland,POL,-,-,,,,259
2009,Romania,ROU,-,-,,,,237
2009,South Africa,ZAF,-,-,,,,9
2009,Russian Federation,RUS,-,-,29,878,503,3321
2009,Rwanda,RWA,-,-,20595,,373,327
2009,El Salvador,SLV,-,-,,,10,261
2009,Saudi Arabia,SAU,-,-,,,11,22
2009,Serbia and Kosovo: S/RES/1244 (1999),SRB,-,-,2698,871,57,1147
2009,Senegal,SEN,-,-,,,,15
2009,Sierra Leone,SLE,-,-,227,,476,520
2009,Somalia,SOM,-,-,59,,6250,2654
2009,Spain,ESP,-,-,,,,17
2009,Viet Nam,VNM,-,-,121,,1792,5103
2009,Sudan,SDN,-,-,33135,166900,1643,1486
2009,Suriname,SUR,-,-,,,,5
2009,Slovenia,SVN,-,-,,,,5
2009,Syrian Arab Rep.,SYR,-,-,,,71,150
2009,United Rep. of Tanzania,TZA,-,-,,,18,6
2009,Thailand,THA,-,-,,,79,787
2009,Tajikistan,TJK,-,-,,,6,31
2009,Turkmenistan,TKM,-,-,,,8,17
2009,Timor-Leste,TLS,-,-,,,5,
2009,Togo,TGO,-,-,284,,208,120
2009,Tonga,TON,-,-,,,7,
2009,Turkey,TUR,-,-,26,,17,63
2009,United Arab Emirates,ARE,-,-,,,5,6
2009,Uganda,UGA,-,-,88,407700,38,41
2009,Ukraine,UKR,-,-,,,558,2241
2009,Uruguay,URY,-,-,,,,13
2009,Uzbekistan,UZB,-,-,12,,246,337
2009,Venezuela (Bolivarian Republic of),VEN,-,-,,,5,192
2009,Yemen,YEM,-,-,,,63,41
2009,Zimbabwe,ZWE,-,-,19,,18,58
2009,Stateless,XXA,-,-,,,643,53
2009,Tibetan,TIB,-,-,,,58,5
2009,Unknown ,,-,-,23,,1142,359
2010,Afghanistan,AFG,-,-,118031,3366,2655,149
2010,Albania,ALB,-,-,,,,16
2010,Algeria,DZA,-,-,5,,,22
2010,Angola,AGO,-,-,487,,6,41
2010,Egypt,EGY,-,-,,,41,
2010,Armenia,ARM,-,-,,,10,19
2010,Azerbaijan,AZE,-,-,,,31,305
2010,Burundi,BDI,-,-,4760,,626,7242
2010,Benin,BEN,-,-,,,11,
2010,Bangladesh,BGD,-,-,,,76,
2010,Bhutan,BTN,-,-,,,14450,
2010,Belarus,BLR,-,-,,,82,49
2010,Bosnia and Herzegovina,BIH,-,-,905,277,,393
2010,Bulgaria,BGR,-,-,,,,6
2010,Cambodia,KHM,-,-,,,24,434
2010,Central African Rep.,CAF,-,-,51,,80,
2010,Chad,TCD,-,-,39,50000,43,
2010,China,CHN,-,-,,,174,42
2010,Chile,CHL,-,-,,,,5
2010,Cameroon,CMR,-,-,,,27,34
2010,Congo,COG,-,-,98,,212,10
2010,Dem. Rep. of the Congo,COD,-,-,16632,460754,4693,181
2010,Colombia,COL,-,-,32,,647,10
2010,Cuba,CUB,-,-,,,4875,5
2010,Czechia,CZE,-,-,,,,5
2010,Djibouti,DJI,-,-,,,5,12
2010,Ecuador,ECU,-,-,,,35,
2010,Eritrea,ERI,-,-,,,3882,8
2010,Ethiopia,ETH,-,-,5,,1933,16
2010,Fiji,FJI,-,-,,,11,
2010,Gambia,GMB,-,-,,,9,
2010,Palestinian,PSE,-,-,13,,1065,6
2010,United Kingdom of Great Britain and Northern Ireland,GBR,-,-,,,5,
2010,Georgia,GEO,-,-,5,,10,18
2010,Ghana,GHA,-,-,,,44,9
2010,Guinea-Bissau,GNB,-,-,,,5,
2010,Greece,GRC,-,-,,,10,
2010,Guinea,GIN,-,-,,,83,36
2010,Haiti,HTI,-,-,,,18,
2010,Honduras,HND,-,-,,,20,
2010,Croatia,HRV,-,-,469,160,,114
2010,Cote d'Ivoire,CIV,-,-,46,22625,66,43
2010,India,IND,-,-,,,71,
2010,Indonesia,IDN,-,-,,,71,
2010,Iran (Islamic Rep. of),IRN,-,-,21,,3854,151
2010,Iraq,IRQ,-,-,28888,294770,24542,41
2010,Israel,ISR,-,-,,,,7
2010,Jamaica,JAM,-,-,,,10,
2010,Jordan,JOR,-,-,,,38,
2010,Kazakhstan,KAZ,-,-,,,27,13
2010,Kenya,KEN,-,-,324,,108,18
2010,Kyrgyzstan,KGZ,-,-,,200000,46,10
2010,Dem. People's Rep. of Korea,PRK,-,-,,,17,
2010,Kuwait,KWT,-,-,,,57,5
2010,Lao People's Dem. Rep.,LAO,-,-,,,328,5
2010,Liberia,LBR,-,-,1301,,455,9
2010,Libya,LBY,-,-,,,5,10
2010,Lebanon,LBN,-,-,,,11,6
2010,Sri Lanka,LKA,-,-,5061,161128,377,10
2010,Lithuania,LTU,-,-,,,5,
2010,Mauritania,MRT,-,-,1391,,71,9
2010,Rep. of Moldova,MDA,-,-,,,257,22
2010,Malaysia,MYS,-,-,,,69,
2010,Malawi,MWI,-,-,,,13,
2010,Mongolia,MNG,-,-,,,5,
2010,Morocco,MAR,-,-,,,5,
2010,Mozambique,MOZ,-,-,5,,,
2010,Montenegro,MNE,-,-,,,5,
2010,Myanmar,MMR,-,-,,,19649,
2010,Namibia,NAM,-,-,28,,10,
2010,Nepal,NPL,-,-,,,364,5
2010,Nicaragua,NIC,-,-,20,,,5
2010,Nigeria,NGA,-,-,,,34,66
2010,Pakistan,PAK,-,-,,1186889,214,25
2010,Peru,PER,-,-,,,5,
2010,Romania,ROU,-,-,,,5,6
2010,South Africa,ZAF,-,-,,,12,
2010,Russian Federation,RUS,-,-,39,758,311,817
2010,Rwanda,RWA,-,-,10900,,392,178
2010,El Salvador,SLV,-,-,,,16,113
2010,Saudi Arabia,SAU,-,-,,,16,
2010,Serbia and Kosovo: S/RES/1244 (1999),SRB,-,-,397,1803,22,135
2010,Senegal,SEN,-,-,,,7,
2010,Sierra Leone,SLE,-,-,,,222,24
2010,Somalia,SOM,-,-,34,,6190,68
2010,Viet Nam,VNM,-,-,,,510,5
2010,Sudan,SDN,-,-,7064,143000,997,52
2010,Syrian Arab Rep.,SYR,-,-,,,73,33
2010,United Rep. of Tanzania,TZA,-,-,,,133,
2010,Thailand,THA,-,-,,,394,
2010,Tajikistan,TJK,-,-,,,5,
2010,Turkmenistan,TKM,-,-,,,5,
2010,Timor-Leste,TLS,-,-,,,12,
2010,Togo,TGO,-,-,35,,90,15
2010,Tunisia,TUN,-,-,,,,6
2010,Turkey,TUR,-,-,255,,5,24
2010,United Arab Emirates,ARE,-,-,,,5,
2010,Uganda,UGA,-,-,58,302991,111,10
2010,Ukraine,UKR,-,-,,,433,17
2010,United States of America,USA,-,-,,,6,
2010,Uzbekistan,UZB,-,-,,,335,11
2010,Yemen,YEM,-,-,,94712,10,
2010,Zambia,ZMB,-,-,,,56,
2010,Zimbabwe,ZWE,-,-,180,,28,50
2010,Stateless,XXA,-,-,,,413,38
2010,Tibetan,TIB,-,-,,,22,5
2010,Unknown ,,-,-,,,1196,261
2011,Afghanistan,AFG,-,-,71145,75453,3098,46
2011,Albania,ALB,-,-,,,,33
2011,Algeria,DZA,-,-,,,,10
2011,Angola,AGO,-,-,3966,,,37
2011,Egypt,EGY,-,-,,,18,5
2011,Armenia,ARM,-,-,,,17,13
2011,Azerbaijan,AZE,-,-,,,6,419
2011,Burundi,BDI,-,-,4379,,288,25
2011,Belgium,BEL,-,-,,,75,9
2011,Benin,BEN,-,-,,,7,
2011,Bangladesh,BGD,-,-,,,5,6
2011,Bhutan,BTN,-,-,,,17406,7
2011,Belarus,BLR,-,-,,,5,15
2011,Bosnia and Herzegovina,BIH,-,-,447,365,,146
2011,Cambodia,KHM,-,-,,,10,962
2011,Central African Rep.,CAF,-,-,8974,66545,183,
2011,Chad,TCD,-,-,73,7000,20,16
2011,China,CHN,-,-,,,163,47
2011,Cameroon,CMR,-,-,,,18,5
2011,Congo,COG,-,-,741,,222,32
2011,Dem. Rep. of the Congo,COD,-,-,21079,822688,2247,68
2011,Colombia,COL,-,-,23,,629,
2011,Costa Rica,CRI,-,-,,,5,
2011,Cuba,CUB,-,-,5,,2170,6
2011,Czechia,CZE,-,-,,,,5
2011,Djibouti,DJI,-,-,,,5,5
2011,Ecuador,ECU,-,-,,,39,
2011,Equatorial Guinea,GNQ,-,-,,,6,
2011,Eritrea,ERI,-,-,,,3748,29
2011,Estonia,EST,-,-,,,7,5
2011,Ethiopia,ETH,-,-,21,,2063,28
2011,Gabon,GAB,-,-,,,5,
2011,Gambia,GMB,-,-,,,7,5
2011,Palestinian,PSE,-,-,,,146,41
2011,Georgia,GEO,-,-,,,17,40
2011,Ghana,GHA,-,-,,,13,8
2011,Guatemala,GTM,-,-,,,25,
2011,Guinea,GIN,-,-,,,30,32
2011,Honduras,HND,-,-,,,5,
2011,Croatia,HRV,-,-,439,67,,138
2011,Cote d'Ivoire,CIV,-,-,135203,466808,102,28
2011,India,IND,-,-,,,81,5
2011,Indonesia,IDN,-,-,,,28,
2011,Iran (Islamic Rep. of),IRN,-,-,,,3232,46
2011,Iraq,IRQ,-,-,67086,193610,13721,30
2011,Jordan,JOR,-,-,,,11,
2011,Kazakhstan,KAZ,-,-,,,55,6
2011,Kenya,KEN,-,-,69,,100,14
2011,Kyrgyzstan,KGZ,-,-,,8100,15,5
2011,Dem. People's Rep. of Korea,PRK,-,-,,,16,
2011,Kuwait,KWT,-,-,,,51,30
2011,Lao People's Dem. Rep.,LAO,-,-,,,148,7
2011,Liberia,LBR,-,-,1765,,251,10
2011,Libya,LBY,-,-,148951,458047,,
2011,Lebanon,LBN,-,-,,,11,7
2011,Sri Lanka,LKA,-,-,2360,144577,498,7
2011,Latvia,LVA,-,-,,,5,
2011,Mauritania,MRT,-,-,1367,,13,7
2011,Rep. of Moldova,MDA,-,-,,,303,29
2011,Malaysia,MYS,-,-,,,111,
2011,Malawi,MWI,-,-,,,44,
2011,Mozambique,MOZ,-,-,5,,,
2011,Myanmar,MMR,-,-,,,17994,
2011,Namibia,NAM,-,-,41,,17,
2011,Nepal,NPL,-,-,,,406,
2011,Niger,NER,-,-,,,,5
2011,Nigeria,NGA,-,-,,,,91
2011,Pakistan,PAK,-,-,3448,620362,364,20
2011,Philippines,PHL,-,-,,,9,
2011,Poland,POL,-,-,,,,5
2011,Romania,ROU,-,-,,,,26
2011,South Africa,ZAF,-,-,,,,5
2011,Russian Federation,RUS,-,-,39,166,185,684
2011,Rwanda,RWA,-,-,8527,,253,120
2011,El Salvador,SLV,-,-,,,10,67
2011,Saudi Arabia,SAU,-,-,,,6,
2011,Serbia and Kosovo: S/RES/1244 (1999),SRB,-,-,392,845,46,103
2011,Sierra Leone,SLE,-,-,,,95,10
2011,Somalia,SOM,-,-,210,,5475,18
2011,Viet Nam,VNM,-,-,21,,210,
2011,Sudan,SDN,-,-,50070,279325,974,172
2011,South Sudan,SSD,-,-,905,,,
2011,Syrian Arab Rep.,SYR,-,-,,,109,9
2011,United Rep. of Tanzania,TZA,-,-,,,31,
2011,Thailand,THA,-,-,,,360,
2011,Togo,TGO,-,-,73,,50,37
2011,Tunisia,TUN,-,-,5,,,
2011,Turkey,TUR,-,-,,,43,37
2011,Uganda,UGA,-,-,20,95822,45,17
2011,Ukraine,UKR,-,-,,,463,16
2011,Uzbekistan,UZB,-,-,,,154,5
2011,Venezuela (Bolivarian Republic of),VEN,-,-,,,5,
2011,Yemen,YEM,-,-,,6024,9,
2011,Zambia,ZMB,-,-,,,22,
2011,Zimbabwe,ZWE,-,-,19,,26,70
2011,Stateless,XXA,-,-,,,248,41
2011,Unknown ,,-,-,,,614,221
2012,Afghanistan,AFG,-,-,98611,18830,3078,156
2012,Albania,ALB,-,-,,,,46
2012,Algeria,DZA,-,-,7,,,22
2012,Angola,AGO,-,-,19724,,25,38
2012,Egypt,EGY,-,-,5,,88,6
2012,Armenia,ARM,-,-,,,13,5
2012,Azerbaijan,AZE,-,-,,,17,226
2012,Burundi,BDI,-,-,35740,,323,24
2012,Bangladesh,BGD,-,-,,,,5
2012,Bhutan,BTN,-,-,,,16331,
2012,Belarus,BLR,-,-,,,66,24
2012,Botswana,BWA,-,-,,,5,
2012,Bosnia and Herzegovina,BIH,-,-,275,9551,5,190
2012,Bulgaria,BGR,-,-,,,,6
2012,Cambodia,KHM,-,-,,,,1014
2012,Central African Rep.,CAF,-,-,2313,35433,127,
2012,Chad,TCD,-,-,1723,35000,24,5
2012,China,CHN,-,-,,,83,55
2012,Cameroon,CMR,-,-,,,13,45
2012,Congo,COG,-,-,50,,227,16
2012,Dem. Rep. of the Congo,COD,-,-,71922,304596,3652,163
2012,Colombia,COL,-,-,11,,747,
2012,Cuba,CUB,-,-,,,2746,
2012,Cabo Verde,CPV,-,-,,,5,
2012,Djibouti,DJI,-,-,,,,5
2012,Ecuador,ECU,-,-,,,32,
2012,Eritrea,ERI,-,-,5,,3485,16
2012,Ethiopia,ETH,-,-,29,,2311,22
2012,Gambia,GMB,-,-,,,5,
2012,Palestinian,PSE,-,-,,,227,31
2012,Georgia,GEO,-,-,,,10,24
2012,Ghana,GHA,-,-,,,10,
2012,Guatemala,GTM,-,-,,,11,
2012,Guinea,GIN,-,-,,,12,176
2012,Haiti,HTI,-,-,,,5,5
2012,Croatia,HRV,-,-,98,,,81
2012,Cote d'Ivoire,CIV,-,-,72850,96010,67,57
2012,India,IND,-,-,,,24,5
2012,Indonesia,IDN,-,-,35,,6,
2012,Iran (Islamic Rep. of),IRN,-,-,5,,3105,187
2012,Iraq,IRQ,-,-,82271,218800,20570,265
2012,Israel,ISR,-,-,,,5,10
2012,Jordan,JOR,-,-,,,12,5
2012,Kazakhstan,KAZ,-,-,,,11,10
2012,Kenya,KEN,-,-,,,98,
2012,Kyrgyzstan,KGZ,-,-,,3400,60,6
2012,Dem. People's Rep. of Korea,PRK,-,-,,,23,
2012,Kuwait,KWT,-,-,,,13,14
2012,Lao People's Dem. Rep.,LAO,-,-,,,18,
2012,Liberia,LBR,-,-,29468,,100,10
2012,Libya,LBY,-,-,1055,177452,35,6
2012,Lebanon,LBN,-,-,,,8,
2012,Sri Lanka,LKA,-,-,1476,44610,177,24
2012,Mauritania,MRT,-,-,6208,,12,18
2012,North Macedonia,MKD,-,-,,,,10
2012,Rep. of Moldova,MDA,-,-,,,294,16
2012,Mali,MLI,-,-,28,,,5
2012,Malaysia,MYS,-,-,,,185,
2012,Malawi,MWI,-,-,,,38,
2012,Morocco,MAR,-,-,,,5,
2012,Malta,MLT,-,-,,,5,
2012,Myanmar,MMR,-,-,,,17432,57
2012,Namibia,NAM,-,-,,,9,
2012,Nepal,NPL,-,-,,,307,6
2012,Niger,NER,-,-,,,5,
2012,Nicaragua,NIC,-,-,,,,5
2012,Nigeria,NGA,-,-,,,,84
2012,Pakistan,PAK,-,-,,56181,444,33
2012,Peru,PER,-,-,,,,5
2012,Philippines,PHL,-,-,,336215,,5
2012,Poland,POL,-,-,,,,5
2012,Romania,ROU,-,-,,,,5
2012,South Africa,ZAF,-,-,,,9,7
2012,Russian Federation,RUS,-,-,12,,226,738
2012,Rwanda,RWA,-,-,11246,,329,244
2012,El Salvador,SLV,-,-,,,5,62
2012,Saudi Arabia,SAU,-,-,,,10,
2012,Serbia and Kosovo: S/RES/1244 (1999),SRB,-,-,193,798,5,181
2012,Senegal,SEN,-,-,,,14,6
2012,Sierra Leone,SLE,-,-,,,27,10
2012,Somalia,SOM,-,-,45,10188,8024,127
2012,Viet Nam,VNM,-,-,,,92,12
2012,Sudan,SDN,-,-,19488,91554,2098,69
2012,South Sudan,SSD,-,-,2236,,,
2012,Syrian Arab Rep.,SYR,-,-,68573,,195,46
2012,United Rep. of Tanzania,TZA,-,-,44,,21,
2012,Thailand,THA,-,-,,,147,
2012,Turkmenistan,TKM,-,-,,,6,
2012,Togo,TGO,-,-,91,,37,40
2012,Tunisia,TUN,-,-,,,5,
2012,Turkey,TUR,-,-,,,25,51
2012,Uganda,UGA,-,-,18,,57,13
2012,Ukraine,UKR,-,-,,,354,7
2012,Uzbekistan,UZB,-,-,,,176,128
2012,Venezuela (Bolivarian Republic of),VEN,-,-,,,7,
2012,Yemen,YEM,-,-,,106868,7,
2012,Zambia,ZMB,-,-,,,10,
2012,Zimbabwe,ZWE,-,-,21,,44,26
2012,Stateless,XXA,-,-,,,232,5
2012,Unknown ,,-,-,26,,5,132
2013,Afghanistan,AFG,-,-,39665,21830,4719,152
2013,Albania,ALB,-,-,,,,50
2013,Algeria,DZA,-,-,,,,28
2013,Angola,AGO,-,-,1665,,6,18
2013,Egypt,EGY,-,-,,,234,5
2013,Armenia,ARM,-,-,,,5,20
2013,Azerbaijan,AZE,-,-,,,5,108
2013,Burundi,BDI,-,-,2124,,275,74
2013,Belgium,BEL,-,-,,,10,
2013,Bhutan,BTN,-,-,,,10302,
2013,Burkina Faso,BFA,-,-,,,,10
2013,Belarus,BLR,-,-,,,,15
2013,Botswana,BWA,-,-,,,7,
2013,Bosnia and Herzegovina,BIH,-,-,126,18949,,251
2013,Cambodia,KHM,-,-,,,69,
2013,Central African Rep.,CAF,-,-,,,469,11
2013,Chad,TCD,-,-,389,,49,87
2013,China,CHN,-,-,,,135,82
2013,Cameroon,CMR,-,-,,,,98
2013,Congo,COG,-,-,29,,629,118
2013,Dem. Rep. of the Congo,COD,-,-,68417,595200,4870,256
2013,Colombia,COL,-,-,13,,966,11
2013,Cuba,CUB,-,-,,,4127,
2013,Djibouti,DJI,-,-,,,5,12
2013,Ecuador,ECU,-,-,,,29,
2013,Equatorial Guinea,GNQ,-,-,,,9,5
2013,Eritrea,ERI,-,-,,,3585,30
2013,Ethiopia,ETH,-,-,30,,1777,22
2013,Gambia,GMB,-,-,,,9,
2013,Palestinian,PSE,-,-,5,,212,14
2013,Georgia,GEO,-,-,,,,13
2013,Ghana,GHA,-,-,,,12,5
2013,Greece,GRC,-,-,,,7,
2013,Guatemala,GTM,-,-,,,5,
2013,Guinea,GIN,-,-,,,20,321
2013,Haiti,HTI,-,-,,,84,
2013,Croatia,HRV,-,-,503,,,61
2013,Cote d'Ivoire,CIV,-,-,20021,21000,49,123
2013,India,IND,-,-,,,108,
2013,Indonesia,IDN,-,-,,,12,
2013,Iran (Islamic Rep. of),IRN,-,-,,,4795,287
2013,Iraq,IRQ,-,-,60880,63270,26328,416
2013,Israel,ISR,-,-,,,6,5
2013,Jordan,JOR,-,-,,,84,
2013,Kazakhstan,KAZ,-,-,,,5,
2013,Kenya,KEN,-,-,,,110,11
2013,Kyrgyzstan,KGZ,-,-,,,7,
2013,Dem. People's Rep. of Korea,PRK,-,-,,,14,
2013,Kuwait,KWT,-,-,,,11,5
2013,Liberia,LBR,-,-,83,,115,308
2013,Libya,LBY,-,-,,5350,11,5
2013,Lebanon,LBN,-,-,,,37,16
2013,Sri Lanka,LKA,-,-,913,40691,337,38
2013,Mauritania,MRT,-,-,,,9,60
2013,Rep. of Moldova,MDA,-,-,,,75,14
2013,Mali,MLI,-,-,14278,42253,,10
2013,Malaysia,MYS,-,-,,,193,
2013,Malawi,MWI,-,-,,,46,
2013,Morocco,MAR,-,-,,,5,5
2013,Mozambique,MOZ,-,-,,,31,
2013,Myanmar,MMR,-,-,3010,27383,16942,
2013,Namibia,NAM,-,-,28,,13,
2013,Nepal,NPL,-,-,,,493,6
2013,Niger,NER,-,-,,,,12
2013,Nigeria,NGA,-,-,16,,11,49
2013,Pakistan,PAK,-,-,,90637,687,50
2013,Philippines,PHL,-,-,,211607,,
2013,Romania,ROU,-,-,,,,5
2013,South Africa,ZAF,-,-,,,5,
2013,Russian Federation,RUS,-,-,,,98,601
2013,Rwanda,RWA,-,-,7796,,260,292
2013,El Salvador,SLV,-,-,,,,12
2013,Saudi Arabia,SAU,-,-,,,14,
2013,Serbia and Kosovo: S/RES/1244 (1999),SRB,-,-,168,780,,144
2013,Senegal,SEN,-,-,,,7,15
2013,Sierra Leone,SLE,-,-,,,43,8
2013,Somalia,SOM,-,-,36100,104706,10203,125
2013,Viet Nam,VNM,-,-,,,63,
2013,Sudan,SDN,-,-,16949,19471,2727,35
2013,South Sudan,SSD,-,-,392,,34,
2013,Syrian Arab Rep.,SYR,-,-,140761,,607,71
2013,United Rep. of Tanzania,TZA,-,-,,,42,10
2013,Thailand,THA,-,-,,,397,
2013,Tajikistan,TJK,-,-,,,16,
2013,Turkmenistan,TKM,-,-,,,8,
2013,Togo,TGO,-,-,113,,15,3312
2013,Tunisia,TUN,-,-,,,,7
2013,Turkey,TUR,-,-,,,16,38
2013,Uganda,UGA,-,-,,,40,8
2013,Ukraine,UKR,-,-,,,209,
2013,Uzbekistan,UZB,-,-,,,51,12
2013,Venezuela (Bolivarian Republic of),VEN,-,-,,,,5
2013,Yemen,YEM,-,-,5,93055,16,
2013,Zambia,ZMB,-,-,,,23,
2013,Zimbabwe,ZWE,-,-,,,23,17
2013,Stateless,XXA,-,-,,,235,
2013,Unknown ,,-,-,,,42,14868
2014,Afghanistan,AFG,-,-,17815,,3937,2246
2014,Albania,ALB,-,-,,,,129
2014,Algeria,DZA,-,-,,,,87
2014,Angola,AGO,-,-,14284,,,99
2014,Antigua and Barbuda,ATG,-,-,,,,5
2014,Egypt,EGY,-,-,,,161,58
2014,Argentina,ARG,-,-,,,,29
2014,Armenia,ARM,-,-,5,,45,75
2014,Azerbaijan,AZE,-,-,,,26,133
2014,Barbados,BRB,-,-,,,,5
2014,Burundi,BDI,-,-,1349,,447,477
2014,Benin,BEN,-,-,,,5,5
2014,Bangladesh,BGD,-,-,,,5,211
2014,Bhutan,BTN,-,-,,,8226,354
2014,Burkina Faso,BFA,-,-,,,,11
2014,Belarus,BLR,-,-,,,60,35
2014,Bolivia (Plurinational State of),BOL,-,-,,,,6
2014,Botswana,BWA,-,-,,,,12
2014,Brazil,BRA,-,-,,,,16
2014,Bosnia and Herzegovina,BIH,-,-,171,,,139
2014,Bulgaria,BGR,-,-,,,,41
2014,Cambodia,KHM,-,-,,,57,133
2014,Central African Rep.,CAF,-,-,,610903,330,30
2014,Chad,TCD,-,-,369,,41,70
2014,China,CHN,-,-,,,99,1083
2014,Chile,CHL,-,-,,,,47
2014,Cameroon,CMR,-,-,385,,15,166
2014,Congo,COG,-,-,10,,190,138
2014,Dem. Rep. of the Congo,COD,-,-,25148,561073,7091,1271
2014,Comoros,COM,-,-,,,,5
2014,Colombia,COL,-,-,5,,1101,4003
2014,Costa Rica,CRI,-,-,,,,23
2014,Cuba,CUB,-,-,,,3735,158
2014,Czechia,CZE,-,-,,,,40
2014,Djibouti,DJI,-,-,,,6,21
2014,Dominican Rep.,DOM,-,-,,,,6
2014,Ecuador,ECU,-,-,,,64,21
2014,Eritrea,ERI,-,-,,,3931,752
2014,Ethiopia,ETH,-,-,463,,1655,824
2014,Fiji,FJI,-,-,,,,20
2014,France,FRA,-,-,,,,5
2014,Gabon,GAB,-,-,,,5,
2014,Gambia,GMB,-,-,,,,10
2014,Palestinian,PSE,-,-,,,205,128
2014,Georgia,GEO,-,-,,,15,83
2014,Ghana,GHA,-,-,,,6,34
2014,Guinea-Bissau,GNB,-,-,,,,8
2014,Grenada,GRD,-,-,,,,28
2014,Guatemala,GTM,-,-,,,,118
2014,Guinea,GIN,-,-,,,24,180
2014,Guyana,GUY,-,-,,,,39
2014,Haiti,HTI,-,-,,,5,1258
2014,Honduras,HND,-,-,,,,62
2014,Croatia,HRV,-,-,282,,,49
2014,Hungary,HUN,-,-,,,,50
2014,Cote d'Ivoire,CIV,-,-,12362,,123,88
2014,India,IND,-,-,,,232,406
2014,Indonesia,IDN,-,-,,,28,28
2014,Iran (Islamic Rep. of),IRN,-,-,11,,4784,972
2014,Iraq,IRQ,-,-,10908,19967,25799,3271
2014,Israel,ISR,-,-,,,5,48
2014,Jamaica,JAM,-,-,,,,58
2014,Jordan,JOR,-,-,,,54,47
2014,Kazakhstan,KAZ,-,-,,,46,20
2014,Kenya,KEN,-,-,,,75,89
2014,Kyrgyzstan,KGZ,-,-,,,17,28
2014,Rep. of Korea,KOR,-,-,,,,32
2014,Dem. People's Rep. of Korea,PRK,-,-,,,15,
2014,Kuwait,KWT,-,-,,,27,
2014,Lao People's Dem. Rep.,LAO,-,-,,,,43
2014,Liberia,LBR,-,-,,,102,144
2014,Libya,LBY,-,-,,,22,19
2014,Saint Lucia,LCA,-,-,,,,26
2014,Lebanon,LBN,-,-,,,127,111
2014,Sri Lanka,LKA,-,-,501,358,273,1634
2014,Lithuania,LTU,-,-,,,,5
2014,Latvia,LVA,-,-,,,,5
2014,Madagascar,MDG,-,-,,,,6
2014,Mauritania,MRT,-,-,,,5,111
2014,North Macedonia,MKD,-,-,,,241,12
2014,Rep. of Moldova,MDA,-,-,,,,39
2014,Mexico,MEX,-,-,,,,769
2014,Mali,MLI,-,-,20959,155006,,64
2014,Malaysia,MYS,-,-,,,150,9
2014,Malawi,MWI,-,-,,,5,5
2014,Mongolia,MNG,-,-,,,,23
2014,Morocco,MAR,-,-,,,6,22
2014,Myanmar,MMR,-,-,,,17851,707
2014,Namibia,NAM,-,-,14,,,9
2014,Nepal,NPL,-,-,,,374,157
2014,Niger,NER,-,-,,,,5
2014,Nicaragua,NIC,-,-,,,,41
2014,Nigeria,NGA,-,-,,,,541
2014,Pakistan,PAK,-,-,,75825,754,787
2014,Panama,PAN,-,-,,,,5
2014,Peru,PER,-,-,,,,181
2014,Philippines,PHL,-,-,,98718,10,24
2014,Poland,POL,-,-,,,,107
2014,Romania,ROU,-,-,,,,42
2014,South Africa,ZAF,-,-,,,19,10
2014,Russian Federation,RUS,-,-,14,,210,343
2014,Rwanda,RWA,-,-,5785,,141,486
2014,El Salvador,SLV,-,-,5,,10,218
2014,Saudi Arabia,SAU,-,-,,,16,
2014,Serbia and Kosovo: S/RES/1244 (1999),SRB,-,-,215,450,10,227
2014,Senegal,SEN,-,-,,,,29
2014,Seychelles,SYC,-,-,,,,5
2014,Singapore,SGP,-,-,,,5,
2014,Sierra Leone,SLE,-,-,,,76,52
2014,Solomon Islands,SLB,-,-,,,,5
2014,Somalia,SOM,-,-,2485,12736,11895,2317
2014,Viet Nam,VNM,-,-,,,132,88
2014,Sudan,SDN,-,-,13140,1695,1469,473
2014,Suriname,SUR,-,-,,,,5
2014,South Sudan,SSD,-,-,,200055,150,6
2014,Syrian Arab Rep.,SYR,-,-,,,6367,72
2014,United Rep. of Tanzania,TZA,-,-,,,9,17
2014,Thailand,THA,-,-,,,442,5
2014,Tajikistan,TJK,-,-,,,,9
2014,Togo,TGO,-,-,27,,42,122
2014,Trinidad and Tobago,TTO,-,-,,,,21
2014,Tunisia,TUN,-,-,,,,23
2014,Turkey,TUR,-,-,,,23,287
2014,United Arab Emirates,ARE,-,-,,,10,
2014,Uganda,UGA,-,-,,,114,134
2014,Ukraine,UKR,-,-,,,667,176
2014,Uruguay,URY,-,-,,,,23
2014,United States of America,USA,-,-,,,,13
2014,Uzbekistan,UZB,-,-,,,65,52
2014,Saint Vincent and the Grenadines,VCT,-,-,,,,85
2014,Venezuela (Bolivarian Republic of),VEN,-,-,,,,88
2014,Yemen,YEM,-,-,,85805,24,22
2014,Zambia,ZMB,-,-,,,20,5
2014,Zimbabwe,ZWE,-,-,55,,27,384
2014,Stateless,XXA,-,-,,,379,531
2014,Tibetan,TIB,-,-,,,109,
2014,Unknown ,,-,-,,,105,5
2015,Afghanistan,AFG,-,-,61381,123653,4450,2232
2015,Albania,ALB,-,-,,,,214
2015,Algeria,DZA,-,-,,,,92
2015,Angola,AGO,-,-,4639,,5,96
2015,Antigua and Barbuda,ATG,-,-,,,,6
2015,Egypt,EGY,-,-,5,,143,98
2015,Argentina,ARG,-,-,,,,15
2015,Armenia,ARM,-,-,,,36,199
2015,Azerbaijan,AZE,-,-,,,24,193
2015,Burundi,BDI,-,-,16,1144,1710,514
2015,Benin,BEN,-,-,,,,9
2015,Bangladesh,BGD,-,-,,,10,195
2015,Bhutan,BTN,-,-,,,6373,713
2015,Burkina Faso,BFA,-,-,,,5,26
2015,Belarus,BLR,-,-,,,102,90
2015,Bolivia (Plurinational State of),BOL,-,-,,,,5
2015,Botswana,BWA,-,-,,,13,23
2015,Brazil,BRA,-,-,,,,10
2015,Bosnia and Herzegovina,BIH,-,-,21,,,101
2015,Bulgaria,BGR,-,-,,,,27
2015,Cambodia,KHM,-,-,,,,98
2015,Central African Rep.,CAF,-,-,21632,258276,545,18
2015,Chad,TCD,-,-,38,,36,84
2015,China,CHN,-,-,,,49,930
2015,Chile,CHL,-,-,,,,24
2015,Cameroon,CMR,-,-,,18636,14,217
2015,Congo,COG,-,-,,,22,146
2015,Dem. Rep. of the Congo,COD,-,-,8535,736837,10469,1239
2015,Comoros,COM,-,-,,,,19
2015,Colombia,COL,-,-,1794,,825,2472
2015,Costa Rica,CRI,-,-,,,,13
2015,Cuba,CUB,-,-,,,1067,207
2015,Cyprus,CYP,-,-,,,5,
2015,Czechia,CZE,-,-,,,,26
2015,Djibouti,DJI,-,-,,,5,66
2015,Dominican Rep.,DOM,-,-,,,,8
2015,Ecuador,ECU,-,-,,,12,22
2015,Eritrea,ERI,-,-,,,4086,860
2015,Ethiopia,ETH,-,-,5,,1667,1097
2015,Fiji,FJI,-,-,,,,13
2015,Gabon,GAB,-,-,,,,8
2015,Gambia,GMB,-,-,,,14,16
2015,Palestinian,PSE,-,-,12,,180,100
2015,Georgia,GEO,-,-,,,12,113
2015,Ghana,GHA,-,-,,,,38
2015,Guinea-Bissau,GNB,-,-,,,,19
2015,Grenada,GRD,-,-,,,,17
2015,Guatemala,GTM,-,-,,,,106
2015,Guinea,GIN,-,-,,,5,332
2015,Guyana,GUY,-,-,,,,37
2015,Haiti,HTI,-,-,,,,1832
2015,"China, Hong Kong SAR",HKG,-,-,,,,5
2015,Honduras,HND,-,-,,,,69
2015,Croatia,HRV,-,-,111,,,19
2015,Hungary,HUN,-,-,,,,32
2015,Cote d'Ivoire,CIV,-,-,12220,399,196,177
2015,India,IND,-,-,,,104,342
2015,Indonesia,IDN,-,-,,,21,18
2015,Iran (Islamic Rep. of),IRN,-,-,10,,4050,907
2015,Iraq,IRQ,-,-,5914,1747,15097,4043
2015,Israel,ISR,-,-,,,5,50
2015,Jamaica,JAM,-,-,,,,83
2015,Jordan,JOR,-,-,,,52,69
2015,Kazakhstan,KAZ,-,-,,,58,24
2015,Kenya,KEN,-,-,1231,,196,116
2015,Kyrgyzstan,KGZ,-,-,,,8,29
2015,Rep. of Korea,KOR,-,-,,,,15
2015,Dem. People's Rep. of Korea,PRK,-,-,,,14,
2015,Kuwait,KWT,-,-,,,20,5
2015,Lao People's Dem. Rep.,LAO,-,-,,,,39
2015,Liberia,LBR,-,-,56,,148,107
2015,Libya,LBY,-,-,,,,27
2015,Saint Lucia,LCA,-,-,,,,59
2015,Lebanon,LBN,-,-,,,86,119
2015,Sri Lanka,LKA,-,-,854,8112,141,1175
2015,Madagascar,MDG,-,-,,,,9
2015,Mauritania,MRT,-,-,,,9,134
2015,North Macedonia,MKD,-,-,,,,7
2015,Rep. of Moldova,MDA,-,-,,,259,39
2015,Mexico,MEX,-,-,,,,578
2015,Mali,MLI,-,-,4088,53551,8,53
2015,Malaysia,MYS,-,-,,,152,5
2015,Malawi,MWI,-,-,,,9,
2015,Mongolia,MNG,-,-,,,,25
2015,Morocco,MAR,-,-,,,,29
2015,Montenegro,MNE,-,-,,,,20
2015,Myanmar,MMR,-,-,,25265,19534,533
2015,Namibia,NAM,-,-,21,,5,5
2015,Nepal,NPL,-,-,,,194,115
2015,Niger,NER,-,-,,,,20
2015,Nicaragua,NIC,-,-,,,,11
2015,Nigeria,NGA,-,-,,,11,747
2015,Oman,OMN,-,-,,,5,
2015,Pakistan,PAK,-,-,5,676638,941,722
2015,Paraguay,PRY,-,-,,,,11
2015,Peru,PER,-,-,,,,123
2015,Philippines,PHL,-,-,,254848,20,25
2015,Poland,POL,-,-,,,,73
2015,Romania,ROU,-,-,,,,15
2015,South Africa,ZAF,-,-,,,13,5
2015,Russian Federation,RUS,-,-,5,,300,623
2015,Rwanda,RWA,-,-,5050,,346,629
2015,El Salvador,SLV,-,-,,,11,155
2015,Saudi Arabia,SAU,-,-,,,20,9
2015,Serbia and Kosovo: S/RES/1244 (1999),SRB,-,-,328,545,,211
2015,Senegal,SEN,-,-,,,19,53
2015,Singapore,SGP,-,-,,,,5
2015,Sierra Leone,SLE,-,-,,,75,62
2015,Solomon Islands,SLB,-,-,,,,12
2015,Somalia,SOM,-,-,32343,5000,9332,1152
2015,Viet Nam,VNM,-,-,,,55,67
2015,Sudan,SDN,-,-,39491,152663,2430,450
2015,South Sudan,SSD,-,-,159,,218,
2015,Eswatini,SWZ,-,-,7,,,8
2015,Syrian Arab Rep.,SYR,-,-,188,,17717,228
2015,United Rep. of Tanzania,TZA,-,-,,,30,31
2015,Thailand,THA,-,-,,,373,5
2015,Tajikistan,TJK,-,-,,,21,10
2015,Turkmenistan,TKM,-,-,,,5,
2015,Togo,TGO,-,-,6,,5,103
2015,Trinidad and Tobago,TTO,-,-,,,,28
2015,Tunisia,TUN,-,-,,,7,27
2015,Turkey,TUR,-,-,,,27,376
2015,United Arab Emirates,ARE,-,-,,,5,
2015,Uganda,UGA,-,-,1191,,97,80
2015,Ukraine,UKR,-,-,,,1765,135
2015,Uruguay,URY,-,-,,,,6
2015,United States of America,USA,-,-,,,5,23
2015,Uzbekistan,UZB,-,-,,,39,42
2015,Saint Vincent and the Grenadines,VCT,-,-,,,,82
2015,Venezuela (Bolivarian Republic of),VEN,-,-,,,5,98
2015,Yemen,YEM,-,-,,,16,18
2015,Zambia,ZMB,-,-,,,26,5
2015,Zimbabwe,ZWE,-,-,31,,11,398
2015,Stateless,XXA,-,-,,,660,512
2015,Tibetan,TIB,-,-,,,37,
2015,Unknown ,,-,-,,,100,423
2016,Afghanistan,AFG,-,-,383950,,5921,1386
2016,Albania,ALB,-,-,,,,105
2016,Algeria,DZA,-,-,5,,,58
2016,Angola,AGO,-,-,,,11,98
2016,Egypt,EGY,-,-,,,188,92
2016,Argentina,ARG,-,-,,,,8
2016,Armenia,ARM,-,-,,,71,107
2016,Azerbaijan,AZE,-,-,,,44,107
2016,Bahrain,BHR,-,-,,,5,
2016,Barbados,BRB,-,-,,,,5
2016,Burundi,BDI,-,-,4121,,1059,296
2016,Benin,BEN,-,-,,,,11
2016,Bangladesh,BGD,-,-,,,10,164
2016,Bahamas,BHS,-,-,,,,9
2016,Bhutan,BTN,-,-,,,6252,449
2016,Burkina Faso,BFA,-,-,,,,12
2016,Belarus,BLR,-,-,,,187,38
2016,Bolivia (Plurinational State of),BOL,-,-,,,,5
2016,Botswana,BWA,-,-,,,8,11
2016,Brazil,BRA,-,-,,,,7
2016,Bosnia and Herzegovina,BIH,-,-,5,,,49
2016,Bulgaria,BGR,-,-,,,,17
2016,Cambodia,KHM,-,-,,,29,165
2016,Central African Rep.,CAF,-,-,34401,,649,25
2016,Chad,TCD,-,-,26,,19,51
2016,China,CHN,-,-,,,79,497
2016,Chile,CHL,-,-,,,,20
2016,Cameroon,CMR,-,-,131,18213,23,101
2016,Congo,COG,-,-,10,,256,107
2016,Dem. Rep. of the Congo,COD,-,-,13222,619600,22514,1012
2016,Comoros,COM,-,-,,,,14
2016,Colombia,COL,-,-,205,,774,1140
2016,Costa Rica,CRI,-,-,,,,11
2016,Cuba,CUB,-,-,,,364,95
2016,Czechia,CZE,-,-,,,,26
2016,Djibouti,DJI,-,-,,,,43
2016,Dominican Rep.,DOM,-,-,,,,7
2016,Ecuador,ECU,-,-,,,18,23
2016,Eritrea,ERI,-,-,,,6514,538
2016,Ethiopia,ETH,-,-,,,2511,727
2016,Fiji,FJI,-,-,,,,5
2016,France,FRA,-,-,,,,7
2016,Gambia,GMB,-,-,,,22,
2016,Palestinian,PSE,-,-,,,281,168
2016,United Kingdom of Great Britain and Northern Ireland,GBR,-,-,,,5,6
2016,Georgia,GEO,-,-,,,11,59
2016,Germany,DEU,-,-,,,,15
2016,Ghana,GHA,-,-,,,5,26
2016,Guinea-Bissau,GNB,-,-,,,,21
2016,Greece,GRC,-,-,,,,17
2016,Grenada,GRD,-,-,,,,13
2016,Guatemala,GTM,-,-,,,29,67
2016,Guinea,GIN,-,-,,,17,331
2016,Guyana,GUY,-,-,,,,20
2016,Haiti,HTI,-,-,,,,924
2016,Honduras,HND,-,-,,,140,24
2016,Croatia,HRV,-,-,43,,,36
2016,Hungary,HUN,-,-,,,,38
2016,Cote d'Ivoire,CIV,-,-,19549,,231,113
2016,India,IND,-,-,,,22,278
2016,Indonesia,IDN,-,-,,,15,13
2016,Iran (Islamic Rep. of),IRN,-,-,11,,4919,680
2016,Iraq,IRQ,-,-,158,1397016,16402,2467
2016,Israel,ISR,-,-,,,5,15
2016,Italy,ITA,-,-,,,,7
2016,Jamaica,JAM,-,-,,,,41
2016,Jordan,JOR,-,-,,,154,36
2016,Kazakhstan,KAZ,-,-,,,82,36
2016,Kenya,KEN,-,-,,,185,238
2016,Kyrgyzstan,KGZ,-,-,,,59,18
2016,Rep. of Korea,KOR,-,-,,,,12
2016,Dem. People's Rep. of Korea,PRK,-,-,,,19,
2016,Kuwait,KWT,-,-,,,29,25
2016,Lao People's Dem. Rep.,LAO,-,-,,,7,54
2016,Liberia,LBR,-,-,,,144,86
2016,Libya,LBY,-,-,,449840,5,22
2016,Saint Lucia,LCA,-,-,,,,39
2016,Lebanon,LBN,-,-,,,222,89
2016,Sri Lanka,LKA,-,-,1052,12445,146,946
2016,Lithuania,LTU,-,-,,,,5
2016,Latvia,LVA,-,-,,,8,
2016,Madagascar,MDG,-,-,,,,5
2016,Mauritania,MRT,-,-,,,,105
2016,North Macedonia,MKD,-,-,,,,10
2016,Rep. of Moldova,MDA,-,-,,,550,13
2016,Mexico,MEX,-,-,,,,361
2016,Mali,MLI,-,-,9757,35986,5,94
2016,Malaysia,MYS,-,-,,,95,14
2016,Malawi,MWI,-,-,,,40,10
2016,Mongolia,MNG,-,-,,,5,10
2016,Morocco,MAR,-,-,,,5,5
2016,Mozambique,MOZ,-,-,5755,,,7
2016,Myanmar,MMR,-,-,76,1346,13014,204
2016,Namibia,NAM,-,-,10,,19,7
2016,Nepal,NPL,-,-,,,175,360
2016,Netherlands,NLD,-,-,,,,5
2016,Niger,NER,-,-,,,,18
2016,Nicaragua,NIC,-,-,,,,20
2016,Nigeria,NGA,-,-,,689906,7,369
2016,Pakistan,PAK,-,-,6,704370,984,559
2016,Paraguay,PRY,-,-,,,,6
2016,Peru,PER,-,-,,,,81
2016,Philippines,PHL,-,-,,255626,,16
2016,Poland,POL,-,-,,,,54
2016,Qatar,QAT,-,-,,,5,
2016,Romania,ROU,-,-,,,,8
2016,South Africa,ZAF,-,-,,,18,36
2016,Russian Federation,RUS,-,-,56,,527,389
2016,Rwanda,RWA,-,-,6107,,284,436
2016,El Salvador,SLV,-,-,,,757,103
2016,Saudi Arabia,SAU,-,-,,,11,62
2016,Serbia and Kosovo: S/RES/1244 (1999),SRB,-,-,166,477,,171
2016,Senegal,SEN,-,-,,,45,66
2016,Sierra Leone,SLE,-,-,5,,48,36
2016,Somalia,SOM,-,-,36136,,12205,644
2016,Viet Nam,VNM,-,-,,,78,86
2016,Sudan,SDN,-,-,37215,,1936,427
2016,South Sudan,SSD,-,-,,752261,423,
2016,Eswatini,SWZ,-,-,7,,,6
2016,Sweden,SWE,-,-,,,,5
2016,Syrian Arab Rep.,SYR,-,-,,600000,65843,305
2016,United Rep. of Tanzania,TZA,-,-,6,,5,56
2016,Thailand,THA,-,-,,,435,106
2016,Tajikistan,TJK,-,-,,,,9
2016,Turkmenistan,TKM,-,-,,,,5
2016,Togo,TGO,-,-,5,,22,46
2016,Trinidad and Tobago,TTO,-,-,,,,11
2016,Tunisia,TUN,-,-,,,,15
2016,Turkey,TUR,-,-,,,34,253
2016,United Arab Emirates,ARE,-,-,,,5,23
2016,Uganda,UGA,-,-,,,114,149
2016,Ukraine,UKR,-,-,6,,3647,86
2016,Uruguay,URY,-,-,,,,8
2016,United States of America,USA,-,-,,,9,363
2016,Uzbekistan,UZB,-,-,5,,51,55
2016,Saint Vincent and the Grenadines,VCT,-,-,,,,90
2016,Venezuela (Bolivarian Republic of),VEN,-,-,,,,54
2016,Western Sahara,ESH,-,-,6,,,5
2016,Yemen,YEM,-,-,,974058,33,50
2016,Zambia,ZMB,-,-,,,5,12
2016,Zimbabwe,ZWE,-,-,6,,20,184
2016,Stateless,XXA,-,-,,,562,66
2016,Tibetan,TIB,-,-,,,,40
2016,Unknown ,,-,-,,,106,1479
2017,Afghanistan,AFG,-,-,60541,32649,4385,1814
2017,Albania,ALB,-,-,,,,88
2017,Algeria,DZA,-,-,,,,83
2017,Angola,AGO,-,-,,,6,99
2017,Egypt,EGY,-,-,,,144,89
2017,Argentina,ARG,-,-,,,,7
2017,Armenia,ARM,-,-,,,68,194
2017,Azerbaijan,AZE,-,-,,,11,134
2017,Barbados,BRB,-,-,,,,5
2017,Burundi,BDI,-,-,70610,,616,243
2017,Benin,BEN,-,-,,,,8
2017,Bangladesh,BGD,-,-,,,10,181
2017,Bahamas,BHS,-,-,,,,7
2017,Bhutan,BTN,-,-,,,3983,275
2017,Burkina Faso,BFA,-,-,,,,13
2017,Belarus,BLR,-,-,,,99,38
2017,Bolivia (Plurinational State of),BOL,-,-,,,,5
2017,Botswana,BWA,-,-,,,,28
2017,Bosnia and Herzegovina,BIH,-,-,,,,88
2017,Bulgaria,BGR,-,-,,,,13
2017,Belize,BLZ,-,-,,,,5
2017,Cambodia,KHM,-,-,,,10,111
2017,Central African Rep.,CAF,-,-,78620,89019,346,27
2017,Chad,TCD,-,-,970,,10,80
2017,China,CHN,-,-,,,36,441
2017,Chile,CHL,-,-,,,,12
2017,Cameroon,CMR,-,-,,33662,22,152
2017,Congo,COG,-,-,5,,1738,157
2017,Dem. Rep. of the Congo,COD,-,-,27,255635,6454,986
2017,Comoros,COM,-,-,,,,16
2017,Colombia,COL,-,-,199,,637,576
2017,Costa Rica,CRI,-,-,,,,5
2017,Cuba,CUB,-,-,8,,105,43
2017,Czechia,CZE,-,-,,,,8
2017,Djibouti,DJI,-,-,,,,44
2017,Dominican Rep.,DOM,-,-,,,,7
2017,Ecuador,ECU,-,-,,,27,28
2017,Eritrea,ERI,-,-,468,,6889,686
2017,Ethiopia,ETH,-,-,,,1968,643
2017,Fiji,FJI,-,-,,,,5
2017,France,FRA,-,-,,,,5
2017,Gabon,GAB,-,-,5,,,5
2017,Gambia,GMB,-,-,37,,21,10
2017,Palestinian,PSE,-,-,,,252,41
2017,United Kingdom of Great Britain and Northern Ireland,GBR,-,-,,,,5
2017,Georgia,GEO,-,-,,,,66
2017,Germany,DEU,-,-,,,,11
2017,Ghana,GHA,-,-,,,5,18
2017,Guinea-Bissau,GNB,-,-,,,,13
2017,Greece,GRC,-,-,,,,24
2017,Grenada,GRD,-,-,,,,5
2017,Guatemala,GTM,-,-,,,39,63
2017,Guinea,GIN,-,-,5,,32,597
2017,Guyana,GUY,-,-,,,,16
2017,Haiti,HTI,-,-,,,,625
2017,Honduras,HND,-,-,,,51,25
2017,Croatia,HRV,-,-,44,,,54
2017,Hungary,HUN,-,-,,,,15
2017,Cote d'Ivoire,CIV,-,-,8302,,157,192
2017,India,IND,-,-,,,76,142
2017,Indonesia,IDN,-,-,,,23,14
2017,Iran (Islamic Rep. of),IRN,-,-,5,,2205,948
2017,Iraq,IRQ,-,-,862,1546586,12968,2690
2017,Israel,ISR,-,-,,,6,7
2017,Jamaica,JAM,-,-,,,,26
2017,Jordan,JOR,-,-,,,98,42
2017,Kazakhstan,KAZ,-,-,,,30,13
2017,Kenya,KEN,-,-,,,192,172
2017,Kyrgyzstan,KGZ,-,-,,,11,13
2017,Rep. of Korea,KOR,-,-,,,,9
2017,Kuwait,KWT,-,-,,,7,7
2017,Lao People's Dem. Rep.,LAO,-,-,,,,75
2017,Liberia,LBR,-,-,,,50,69
2017,Libya,LBY,-,-,,149883,5,30
2017,Saint Lucia,LCA,-,-,,,,41
2017,Lebanon,LBN,-,-,,,136,51
2017,Sri Lanka,LKA,-,-,1586,408,32,748
2017,Madagascar,MDG,-,-,,,,9
2017,Mauritania,MRT,-,-,,,,129
2017,North Macedonia,MKD,-,-,,,,16
2017,Rep. of Moldova,MDA,-,-,,,266,26
2017,Mexico,MEX,-,-,,,,242
2017,Mali,MLI,-,-,5075,23240,15,94
2017,Malaysia,MYS,-,-,,,107,14
2017,Malawi,MWI,-,-,,,14,12
2017,Mongolia,MNG,-,-,,,,10
2017,Morocco,MAR,-,-,,,,14
2017,Mozambique,MOZ,-,-,6231,,,5
2017,Myanmar,MMR,-,-,,684,5006,197
2017,Namibia,NAM,-,-,18,,,6
2017,Nepal,NPL,-,-,,,324,304
2017,Netherlands,NLD,-,-,,,,5
2017,Niger,NER,-,-,,5867,,6
2017,Nicaragua,NIC,-,-,,,,22
2017,Nigeria,NGA,-,-,305,381780,9,214
2017,New Zealand,NZL,-,-,,,5,
2017,Pakistan,PAK,-,-,17,281640,812,374
2017,Panama,PAN,-,-,,,,5
2017,Peru,PER,-,-,,,,52
2017,Philippines,PHL,-,-,,318483,6,13
2017,Poland,POL,-,-,,,,26
2017,Qatar,QAT,-,-,,,,5
2017,Romania,ROU,-,-,,,,9
2017,South Africa,ZAF,-,-,,,5,35
2017,Russian Federation,RUS,-,-,7,,405,508
2017,Rwanda,RWA,-,-,18109,,157,406
2017,El Salvador,SLV,-,-,,,904,38
2017,Saudi Arabia,SAU,-,-,,,22,27
2017,Serbia and Kosovo: S/RES/1244 (1999),SRB,-,-,355,193,,221
2017,Senegal,SEN,-,-,,,20,79
2017,Sierra Leone,SLE,-,-,,,5,93
2017,Somalia,SOM,-,-,41476,,4118,2504
2017,Viet Nam,VNM,-,-,,,82,65
2017,Sudan,SDN,-,-,11675,386243,1493,362
2017,South Sudan,SSD,-,-,2070,813,443,10
2017,Eswatini,SWZ,-,-,,,,6
2017,Sweden,SWE,-,-,,,,6
2017,Switzerland,CHE,-,-,,,,5
2017,Syrian Arab Rep.,SYR,-,-,77212,597152,40192,50358
2017,United Rep. of Tanzania,TZA,-,-,,,26,44
2017,Thailand,THA,-,-,,,414,71
2017,Tajikistan,TJK,-,-,,,,5
2017,Turkmenistan,TKM,-,-,,,,6
2017,Togo,TGO,-,-,,,,77
2017,Trinidad and Tobago,TTO,-,-,,,,8
2017,Tunisia,TUN,-,-,,,,19
2017,Turkey,TUR,-,-,,,72,167
2017,United Arab Emirates,ARE,-,-,,,9,17
2017,Uganda,UGA,-,-,,,88,140
2017,Ukraine,UKR,-,-,5,,3089,47
2017,United States of America,USA,-,-,,,13,200
2017,Uzbekistan,UZB,-,-,,,39,37
2017,Saint Vincent and the Grenadines,VCT,-,-,,,,66
2017,Venezuela (Bolivarian Republic of),VEN,-,-,,,,28
2017,Western Sahara,ESH,-,-,,,,9
2017,Yemen,YEM,-,-,,125034,35,23
2017,Zambia,ZMB,-,-,,,7,6
2017,Zimbabwe,ZWE,-,-,38,,5,130
2017,Stateless,XXA,-,-,,,394,260
2017,Tibetan,TIB,-,-,,,20,10
2017,Unknown ,,-,-,,,128,1092
2018,Afghanistan,AFG,-,-,16218,73527,3861,1656
2018,Albania,ALB,-,-,,,,112
2018,Algeria,DZA,-,-,,,,116
2018,Angola,AGO,-,-,,,5,84
2018,Antigua and Barbuda,ATG,-,-,,,,5
2018,Egypt,EGY,-,-,,,188,235
2018,Argentina,ARG,-,-,,,,5
2018,Armenia,ARM,-,-,,,32,157
2018,Azerbaijan,AZE,-,-,,,,188
2018,Barbados,BRB,-,-,,,,5
2018,Burundi,BDI,-,-,45534,,590,259
2018,Belgium,BEL,-,-,,,,5
2018,Benin,BEN,-,-,,,,22
2018,Bangladesh,BGD,-,-,,,,196
2018,Bahamas,BHS,-,-,,,,5
2018,Bhutan,BTN,-,-,,,863,302
2018,Burkina Faso,BFA,-,-,,,,14
2018,Belarus,BLR,-,-,,,178,24
2018,Botswana,BWA,-,-,,,,74
2018,Bosnia and Herzegovina,BIH,-,-,,,,55
2018,Bulgaria,BGR,-,-,,,,19
2018,Belize,BLZ,-,-,,,,5
2018,Cambodia,KHM,-,-,,,5,92
2018,Central African Rep.,CAF,-,-,35182,306246,581,34
2018,Cayman Islands,CYM,-,-,,,,5
2018,Chad,TCD,-,-,6352,,19,63
2018,China,CHN,-,-,,,7,596
2018,Chile,CHL,-,-,,,,8
2018,Cameroon,CMR,-,-,,67653,36,184
2018,Congo,COG,-,-,,,172,123
2018,Dem. Rep. of the Congo,COD,-,-,6623,,13618,971
2018,Comoros,COM,-,-,,,,16
2018,Colombia,COL,-,-,23896,,487,865
2018,Costa Rica,CRI,-,-,,,,7
2018,Cuba,CUB,-,-,,,,147
2018,Czechia,CZE,-,-,,,,14
2018,Djibouti,DJI,-,-,,,,77
2018,Dominican Rep.,DOM,-,-,,,,14
2018,Ecuador,ECU,-,-,,,29,23
2018,Equatorial Guinea,GNQ,-,-,,,5,5
2018,Eritrea,ERI,-,-,297,,7413,837
2018,Ethiopia,ETH,-,-,16,,1921,770
2018,Fiji,FJI,-,-,,,,7
2018,France,FRA,-,-,,,,13
2018,Gambia,GMB,-,-,,,5,24
2018,Palestinian,PSE,-,-,,,328,62
2018,United Kingdom of Great Britain and Northern Ireland,GBR,-,-,,,,5
2018,Georgia,GEO,-,-,,,,58
2018,Germany,DEU,-,-,,,,11
2018,Ghana,GHA,-,-,,,5,44
2018,Guinea-Bissau,GNB,-,-,,,,12
2018,Greece,GRC,-,-,,,,47
2018,Guatemala,GTM,-,-,,,63,77
2018,Guinea,GIN,-,-,,,16,250
2018,Guyana,GUY,-,-,,,,13
2018,Haiti,HTI,-,-,,,,790
2018,"China, Hong Kong SAR",HKG,-,-,,,,6
2018,Honduras,HND,-,-,,,80,66
2018,Croatia,HRV,-,-,10,,,7
2018,Hungary,HUN,-,-,,,,29
2018,Cote d'Ivoire,CIV,-,-,2837,,84,162
2018,India,IND,-,-,,,247,294
2018,Indonesia,IDN,-,-,,,18,18
2018,Iran (Islamic Rep. of),IRN,-,-,8,,565,1287
2018,Iraq,IRQ,-,-,62,944958,8323,3756
2018,Israel,ISR,-,-,,,,12
2018,Italy,ITA,-,-,,,,5
2018,Jamaica,JAM,-,-,,,12,110
2018,Jordan,JOR,-,-,,,97,53
2018,Kazakhstan,KAZ,-,-,,,51,15
2018,Kenya,KEN,-,-,,,251,245
2018,Kyrgyzstan,KGZ,-,-,,,33,15
2018,Rep. of Korea,KOR,-,-,,,,11
2018,Dem. People's Rep. of Korea,PRK,-,-,,,6,
2018,Kuwait,KWT,-,-,,,,27
2018,Lao People's Dem. Rep.,LAO,-,-,,,,59
2018,Liberia,LBR,-,-,,,47,62
2018,Libya,LBY,-,-,,43681,5,48
2018,Saint Lucia,LCA,-,-,,,,60
2018,Lebanon,LBN,-,-,,,96,106
2018,Sri Lanka,LKA,-,-,1421,3849,94,751
2018,Madagascar,MDG,-,-,,,,7
2018,Mauritania,MRT,-,-,,,5,109
2018,North Macedonia,MKD,-,-,,,,21
2018,Rep. of Moldova,MDA,-,-,,,127,29
2018,Mexico,MEX,-,-,,,,410
2018,Mali,MLI,-,-,6676,,142,94
2018,Malaysia,MYS,-,-,,,208,30
2018,Malawi,MWI,-,-,,,46,12
2018,Mongolia,MNG,-,-,,,,12
2018,Morocco,MAR,-,-,,,5,21
2018,Mozambique,MOZ,-,-,8845,8845,,5
2018,Myanmar,MMR,-,-,93,379,5723,218
2018,Namibia,NAM,-,-,106,,6,50
2018,Nepal,NPL,-,-,,,141,316
2018,Netherlands,NLD,-,-,,,,6
2018,Niger,NER,-,-,,24727,,10
2018,Nicaragua,NIC,-,-,,,,21
2018,Nigeria,NGA,-,-,,176155,108,584
2018,Oman,OMN,-,-,,,,5
2018,Pakistan,PAK,-,-,11,83454,1281,939
2018,Panama,PAN,-,-,,,,5
2018,Peru,PER,-,-,,,,36
2018,Philippines,PHL,-,-,,445655,5,20
2018,Poland,POL,-,-,,,,16
2018,Qatar,QAT,-,-,,,,9
2018,Romania,ROU,-,-,,,,11
2018,South Africa,ZAF,-,-,,,5,66
2018,Russian Federation,RUS,-,-,32,,340,310
2018,Rwanda,RWA,-,-,3074,,309,288
2018,El Salvador,SLV,-,-,,,709,165
2018,Saudi Arabia,SAU,-,-,,,16,95
2018,Serbia and Kosovo: S/RES/1244 (1999),SRB,-,-,6,197,,227
2018,Senegal,SEN,-,-,,,27,3535
2018,Sierra Leone,SLE,-,-,,,,70
2018,Somalia,SOM,-,-,87542,,1808,2353
2018,Spain,ESP,-,-,,,,5
2018,Viet Nam,VNM,-,-,,,117,86
2018,Sudan,SDN,-,-,1804,,1424,400
2018,South Sudan,SSD,-,-,136155,,315,16
2018,Eswatini,SWZ,-,-,,,,28
2018,Sweden,SWE,-,-,,,,5
2018,Switzerland,CHE,-,-,,,,5
2018,Syrian Arab Rep.,SYR,-,-,210946,,34126,30276
2018,United Rep. of Tanzania,TZA,-,-,,,143,30
2018,Thailand,THA,-,-,,,335,110
2018,Tajikistan,TJK,-,-,,,,14
2018,Turkmenistan,TKM,-,-,,,5,5
2018,Togo,TGO,-,-,,,5,55
2018,Trinidad and Tobago,TTO,-,-,,,5,10
2018,Tunisia,TUN,-,-,,,7,29
2018,Turkey,TUR,-,-,,,61,240
2018,United Arab Emirates,ARE,-,-,,,,34
2018,Uganda,UGA,-,-,,,201,174
2018,Ukraine,UKR,-,-,5,,3101,87
2018,United States of America,USA,-,-,,,36,260
2018,Uzbekistan,UZB,-,-,5,,21,37
2018,Saint Vincent and the Grenadines,VCT,-,-,,,,82
2018,Venezuela (Bolivarian Republic of),VEN,-,-,5,,6,58
2018,Western Sahara,ESH,-,-,,,,11
2018,Yemen,YEM,-,-,,133600,69,61
2018,Zambia,ZMB,-,-,,,,24
2018,Zimbabwe,ZWE,-,-,21,,10,148
2018,Stateless,XXA,-,-,,,288,2167
2018,Tibetan,TIB,-,-,,,,32
2018,Unknown ,,-,-,,,626,932
2019,Afghanistan,AFG,-,-,8404,,5488,2231
2019,Albania,ALB,-,-,,,,130
2019,Algeria,DZA,-,-,,,,116
2019,Angola,AGO,-,-,,,5,87
2019,Egypt,EGY,-,-,,,187,369
2019,Argentina,ARG,-,-,,,,13
2019,Armenia,ARM,-,-,,,29,149
2019,Azerbaijan,AZE,-,-,,,,176
2019,Bahrain,BHR,-,-,,,5,8
2019,Barbados,BRB,-,-,,,,10
2019,Burundi,BDI,-,-,21178,,843,388
2019,Belgium,BEL,-,-,,,,5
2019,Benin,BEN,-,-,,,5,17
2019,Bangladesh,BGD,-,-,,,8,296
2019,Bahamas,BHS,-,-,,,,20
2019,Bhutan,BTN,-,-,,,169,293
2019,Burkina Faso,BFA,-,-,,,,21
2019,Belarus,BLR,-,-,,,58,29
2019,Bolivia (Plurinational State of),BOL,-,-,,,,5
2019,Botswana,BWA,-,-,,,5,63
2019,Brazil,BRA,-,-,,,,6
2019,Bosnia and Herzegovina,BIH,-,-,,,,98
2019,Bulgaria,BGR,-,-,,,,20
2019,Cambodia,KHM,-,-,,,18,116
2019,Central African Rep.,CAF,-,-,46523,90672,1099,50
2019,Chad,TCD,-,-,306,,40,80
2019,China,CHN,-,-,,,22,1000
2019,Chile,CHL,-,-,,,,12
2019,Cameroon,CMR,-,-,,347923,61,279
2019,Congo,COG,-,-,5,5312,74,176
2019,Dem. Rep. of the Congo,COD,-,-,23860,2134349,15839,1169
2019,Comoros,COM,-,-,,,,5
2019,Colombia,COL,-,-,31,,575,977
2019,Cuba,CUB,-,-,,,23,147
2019,Cyprus,CYP,-,-,,,,7
2019,Czechia,CZE,-,-,,,,11
2019,Djibouti,DJI,-,-,,,5,125
2019,Dominican Rep.,DOM,-,-,,,,23
2019,Ecuador,ECU,-,-,,,8,14
2019,Eritrea,ERI,-,-,434,,8555,1509
2019,Ethiopia,ETH,-,-,139,1303736,2467,945
2019,Fiji,FJI,-,-,,,,14
2019,France,FRA,-,-,,,,16
2019,Gabon,GAB,-,-,,,,8
2019,Gambia,GMB,-,-,,,14,17
2019,Palestinian,PSE,-,-,,,247,78
2019,United Kingdom of Great Britain and Northern Ireland,GBR,-,-,,,,18
2019,Georgia,GEO,-,-,,,26,102
2019,Germany,DEU,-,-,,,,13
2019,Ghana,GHA,-,-,,,,71
2019,Guinea-Bissau,GNB,-,-,,,,10
2019,Greece,GRC,-,-,,,,73
2019,Grenada,GRD,-,-,,,,16
2019,Guatemala,GTM,-,-,,,164,109
2019,Guinea,GIN,-,-,,,18,320
2019,Guyana,GUY,-,-,,,,19
2019,Haiti,HTI,-,-,,,,959
2019,"China, Hong Kong SAR",HKG,-,-,,,,5
2019,Honduras,HND,-,-,,,122,146
2019,Croatia,HRV,-,-,13,,,22
2019,Hungary,HUN,-,-,,,5,80
2019,Cote d'Ivoire,CIV,-,-,3245,,143,169
2019,India,IND,-,-,,,202,331
2019,Indonesia,IDN,-,-,,,20,20
2019,Iran (Islamic Rep. of),IRN,-,-,5,,1375,1800
2019,Iraq,IRQ,-,-,100,431130,13011,4863
2019,Israel,ISR,-,-,,,,30
2019,Italy,ITA,-,-,,,,10
2019,Jamaica,JAM,-,-,,,16,138
2019,Jordan,JOR,-,-,,,117,339
2019,Japan,JPN,-,-,,,,5
2019,Kazakhstan,KAZ,-,-,,,,37
2019,Kenya,KEN,-,-,,,314,348
2019,Kyrgyzstan,KGZ,-,-,,,25,6
2019,Rep. of Korea,KOR,-,-,,,,17
2019,Dem. People's Rep. of Korea,PRK,-,-,,,,7
2019,Kuwait,KWT,-,-,,,,108
2019,Lao People's Dem. Rep.,LAO,-,-,,,,60
2019,Liberia,LBR,-,-,6,,75,61
2019,Libya,LBY,-,-,,4369,7,123
2019,Saint Lucia,LCA,-,-,,,,168
2019,Lebanon,LBN,-,-,,,195,294
2019,Sri Lanka,LKA,-,-,1068,10363,111,907
2019,Latvia,LVA,-,-,,,,5
2019,Madagascar,MDG,-,-,,,,7
2019,Mauritania,MRT,-,-,,,,107
2019,North Macedonia,MKD,-,-,,,,22
2019,Rep. of Moldova,MDA,-,-,,,326,17
2019,Mexico,MEX,-,-,,,,588
2019,Mali,MLI,-,-,5249,35101,226,119
2019,Malaysia,MYS,-,-,,,248,48
2019,Malawi,MWI,-,-,,,100,12
2019,Mongolia,MNG,-,-,,,,23
2019,Morocco,MAR,-,-,,,11,38
2019,Mozambique,MOZ,-,-,,,,5
2019,Montenegro,MNE,-,-,,,,20
2019,Myanmar,MMR,-,-,875,1641,6336,342
2019,Namibia,NAM,-,-,14,,11,81
2019,Nepal,NPL,-,-,,,178,675
2019,Niger,NER,-,-,,,,9
2019,Nicaragua,NIC,-,-,,,,25
2019,Nigeria,NGA,-,-,134,18356,253,648
2019,Oman,OMN,-,-,,,,7
2019,Pakistan,PAK,-,-,6,18,1514,1399
2019,Peru,PER,-,-,,,,58
2019,Philippines,PHL,-,-,,115106,6,31
2019,Poland,POL,-,-,,,,37
2019,Qatar,QAT,-,-,,,,11
2019,Romania,ROU,-,-,,,,12
2019,South Africa,ZAF,-,-,,,,129
2019,Russian Federation,RUS,-,-,5,,182,415
2019,Rwanda,RWA,-,-,2146,,210,245
2019,El Salvador,SLV,-,-,,,384,235
2019,Saudi Arabia,SAU,-,-,,,46,238
2019,Serbia and Kosovo: S/RES/1244 (1999),SRB,-,-,39,165,,201
2019,Senegal,SEN,-,-,,,41,5583
2019,Sierra Leone,SLE,-,-,,,10,83
2019,Somalia,SOM,-,-,6241,22555,4307,2149
2019,Viet Nam,VNM,-,-,,,120,127
2019,Sudan,SDN,-,-,2191,,3493,550
2019,South Sudan,SSD,-,-,99816,276463,1148,28
2019,Slovakia,SVK,-,-,,,,6
2019,Eswatini,SWZ,-,-,,,,25
2019,Sweden,SWE,-,-,,,,8
2019,Switzerland,CHE,-,-,,,,5
2019,Syrian Arab Rep.,SYR,-,-,94981,477360,30686,7571
2019,United Rep. of Tanzania,TZA,-,-,,,155,73
2019,Thailand,THA,-,-,,,311,311
2019,Tajikistan,TJK,-,-,,,5,25
2019,Turkmenistan,TKM,-,-,,,18,
2019,Togo,TGO,-,-,30,,16,60
2019,Trinidad and Tobago,TTO,-,-,,,5,20
2019,Tunisia,TUN,-,-,,,14,38
2019,Turkey,TUR,-,-,,,86,352
2019,United Arab Emirates,ARE,-,-,,,,112
2019,Uganda,UGA,-,-,,,264,218
2019,Ukraine,UKR,-,-,,,4013,147
2019,Uruguay,URY,-,-,,,,9
2019,United States of America,USA,-,-,,,18,317
2019,Uzbekistan,UZB,-,-,,,15,47
2019,Saint Vincent and the Grenadines,VCT,-,-,,,,164
2019,Venezuela (Bolivarian Republic of),VEN,-,-,,,55,147
2019,Western Sahara,ESH,-,-,,,,5
2019,Yemen,YEM,-,-,5,69174,168,81
2019,Zambia,ZMB,-,-,,,,22
2019,Zimbabwe,ZWE,-,-,132,,10,149
2019,Stateless,XXA,-,-,,,19,4650
2019,Tibetan,TIB,-,-,,,155,
2019,Unknown ,,-,-,,,771,2918